open_time,ticket,symbol,type,open_price,profit,stop_loss,take_profit,close_time,close_price,commission,swap,profit_total
2025.05.01 9:54:01,731902742,XAUUSD,buy,0.01,3.221.220,3.223.370,3.232.094,2025.05.01 10:45:18,3.223.370,0.00,0.00,35 666.12
2025.05.01 9:55:00,731908987,XAUUSD,buy,0.01,3.220.782,3.223.411,3.232.094,2025.05.01 10:45:18,3.223.411,0.00,0.00,43 628.79
2025.05.01 10:10:00,732017739,XAUUSD,buy,0.01,3.217.907,3.223.306,3.232.094,2025.05.01 10:45:18,3.223.306,0.00,0.00,89 580.03
2025.05.01 10:11:00,732023984,XAUUSD,buy,0.01,3.216.743,3.217.316,3.232.094,2025.05.01 10:29:14,3.217.316,0.00,0.00,9 624.94
2025.05.01 10:12:00,732028770,XAUUSD,buy,0.01,3.216.677,3.217.316,3.232.094,2025.05.01 10:29:14,3.217.316,0.00,0.00,10 620.63
2025.05.02 2:23:57,736027455,XAUUSD,sell,0.01,3.246.012,3.245.552,3.235.678,2025.05.02 2:38:45,3.245.552,0.00,0.00,7 607.91
2025.05.02 2:25:00,736029955,XAUUSD,sell,0.01,3.246.575,3.245.552,3.235.678,2025.05.02 2:38:45,3.245.552,0.00,0.00,17 035.11
2025.05.02 7:35:00,737226806,XAUUSD,sell,0.02,3.261.860,3.260.833,3.250.611,2025.05.02 7:47:20,3.260.833,0.00,0.00,33 679.55
2025.05.02 7:40:00,737251912,XAUUSD,sell,0.02,3.260.734,3.260.819,3.250.611,2025.05.02 7:47:20,3.260.819,0.00,0.00,-2 795.32
2025.05.05 1:10:00,744213608,XAUUSD,sell,0.02,3.255.772,3.265.565,3.245.453,2025.05.05 1:26:01,3.265.565,0.00,0.00,-322 676.86
2025.05.05 1:15:00,744236395,XAUUSD,sell,0.02,3.258.741,3.258.683,3.245.453,2025.05.05 1:18:21,3.258.683,0.00,0.00,1 810.33
2025.05.05 1:20:00,744264156,XAUUSD,sell,0.02,3.261.306,3.265.565,3.245.453,2025.05.05 1:26:01,3.265.565,0.00,0.00,-140 337.26
2025.05.05 1:25:00,744295493,XAUUSD,sell,0.02,3.264.319,3.265.565,3.245.453,2025.05.05 1:26:02,3.265.565,0.00,0.00,-41 014.06
2025.05.05 1:30:00,744318665,XAUUSD,sell,0.02,3.265.262,3.265.565,3.245.453,2025.05.05 1:30:01,3.266.081,0.00,0.00,-26 884.89
2025.05.05 1:40:00,744389606,XAUUSD,sell,0.02,3.266.228,3.265.060,3.250.627,2025.05.05 1:44:00,3.265.060,0.00,0.00,38 313.00
2025.05.05 1:45:00,744414547,XAUUSD,sell,0.02,3.263.831,3.270.739,3.250.627,2025.05.05 2:04:30,3.270.739,0.00,0.00,-226 814.25
2025.05.05 1:50:00,744433649,XAUUSD,sell,0.02,3.263.483,3.270.964,3.250.852,2025.05.05 2:04:30,3.270.964,0.00,0.00,-245 523.96
2025.05.05 3:35:00,744920067,XAUUSD,buy,0.02,3.257.442,3.257.353,3.268.114,2025.05.05 4:25:31,3.257.353,0.00,0.00,-2 790.80
2025.05.05 3:40:00,744938554,XAUUSD,buy,0.02,3.256.962,3.257.353,3.268.114,2025.05.05 4:25:31,3.257.353,0.00,0.00,12 944.62
2025.05.05 3:45:00,744965085,XAUUSD,buy,0.02,3.255.463,3.256.074,3.267.075,2025.05.05 4:10:46,3.256.074,0.00,0.00,19 987.04
2025.05.05 3:50:00,744981585,XAUUSD,buy,0.02,3.256.022,3.256.074,3.267.060,2025.05.05 4:10:46,3.256.074,0.00,0.00,1 802.11
2025.05.05 3:55:00,744997373,XAUUSD,buy,0.02,3.256.121,3.256.074,3.267.013,2025.05.05 4:10:46,3.256.074,0.00,0.00,-1 478.98
2025.05.05 4:35:00,745146339,XAUUSD,buy,0.02,3.254.862,3.255.353,3.268.114,2025.05.05 4:45:12,3.255.353,0.00,0.00,16 233.69
2025.05.05 4:40:00,745163495,XAUUSD,buy,0.02,3.256.083,3.256.801,3.268.114,2025.05.05 4:58:11,3.256.801,0.00,0.00,23 451.49
2025.05.05 4:45:00,745180873,XAUUSD,buy,0.02,3.256.048,3.256.801,3.268.114,2025.05.05 4:58:11,3.256.801,0.00,0.00,24 599.47
2025.05.05 4:50:00,745200359,XAUUSD,buy,0.02,3.255.111,3.256.752,3.268.114,2025.05.05 4:58:13,3.256.752,0.00,0.00,53 790.84
2025.05.05 4:55:00,745219004,XAUUSD,buy,0.02,3.257.488,3.258.886,3.268.114,2025.05.05 5:12:26,3.258.886,0.00,0.00,45 744.63
2025.05.05 5:00:00,745237786,XAUUSD,buy,0.02,3.256.653,3.258.886,3.268.114,2025.05.05 5:12:26,3.258.886,0.00,0.00,73 125.82
2025.05.05 5:05:00,745252113,XAUUSD,buy,0.02,3.256.602,3.258.851,3.268.114,2025.05.05 5:12:26,3.258.851,0.00,0.00,73 781.66
2025.05.05 8:50:00,746443582,XAUUSD,sell,0.02,3.279.271,3.287.519,3.267.407,2025.05.05 9:04:36,3.287.519,0.00,0.00,-271 378.08
2025.05.05 8:55:00,746481921,XAUUSD,sell,0.02,3.281.631,3.287.519,3.267.407,2025.05.05 9:04:36,3.287.519,0.00,0.00,-193 747.50
2025.05.05 9:00:00,746507449,XAUUSD,sell,0.02,3.282.806,3.287.519,3.267.407,2025.05.05 9:04:36,3.287.519,0.00,0.00,-155 096.68
2025.05.05 9:10:00,746594091,XAUUSD,sell,0.02,3.286.127,3.291.019,3.270.907,2025.05.05 9:16:13,3.291.019,0.00,0.00,-160 973.41
2025.05.05 9:15:00,746622820,XAUUSD,sell,0.02,3.289.800,3.293.490,3.273.378,2025.05.05 9:17:24,3.293.490,0.00,0.00,-121 346.65
2025.05.05 9:20:00,746668303,XAUUSD,sell,0.02,3.293.289,3.294.460,3.274.348,2025.05.05 9:21:25,3.294.460,0.00,0.00,-38 475.24
2025.05.05 9:35:00,746792578,XAUUSD,sell,0.02,3.300.696,3.300.943,3.280.831,2025.05.05 9:35:01,3.301.251,0.00,0.00,-18 250.56
2025.05.05 9:40:00,746825709,XAUUSD,sell,0.02,3.301.273,3.302.887,3.282.775,2025.05.05 9:41:02,3.302.887,0.00,0.00,-52 924.41
2025.05.05 9:45:00,746857749,XAUUSD,sell,0.02,3.302.834,3.302.094,3.284.911,2025.05.05 9:51:05,3.302.094,0.00,0.00,24 310.66
2025.05.05 9:50:00,746885299,XAUUSD,sell,0.02,3.300.871,3.306.631,3.286.519,2025.05.05 9:58:32,3.306.631,0.00,0.00,-189 388.08
2025.05.05 9:55:00,746916090,XAUUSD,sell,0.02,3.303.671,3.309.683,3.289.571,2025.05.05 10:00:05,3.309.683,0.00,0.00,-197 750.91
2025.05.05 10:00:00,746965448,XAUUSD,sell,0.02,3.308.730,3.309.901,3.289.789,2025.05.05 10:00:05,3.309.901,0.00,0.00,-38 465.26
2025.05.05 10:10:00,747052817,XAUUSD,sell,0.02,3.310.012,3.316.535,3.296.423,2025.05.05 10:21:19,3.316.535,0.00,0.00,-214 566.69
2025.05.05 10:20:00,747123681,XAUUSD,sell,0.02,3.315.360,3.314.964,3.304.066,2025.05.05 10:36:56,3.314.964,0.00,0.00,12 978.22
2025.05.05 10:25:00,747165143,XAUUSD,sell,0.02,3.316.223,3.316.241,3.304.244,2025.05.05 10:26:10,3.316.401,0.00,0.00,-5 755.03
2025.05.05 10:30:00,747190137,XAUUSD,sell,0.02,3.314.393,3.314.330,3.304.247,2025.05.05 10:42:00,3.314.330,0.00,0.00,2 135.66
2025.05.06 2:05:00,751415011,XAUUSD,sell,0.02,3.377.622,3.377.504,3.359.472,2025.05.06 2:06:30,3.377.504,0.00,0.00,3 789.50
2025.05.06 2:25:00,751525720,XAUUSD,sell,0.02,3.381.071,3.380.419,3.365.840,2025.05.06 2:25:29,3.380.419,0.00,0.00,21 407.30
2025.05.06 2:45:00,751644631,XAUUSD,buy,0.02,3.367.139,3.362.405,3.382.517,2025.05.06 2:47:43,3.361.997,0.00,0.00,-169 701.50
2025.05.06 3:20:00,751858463,XAUUSD,buy,0.02,3.365.045,3.370.262,3.378.139,2025.05.06 3:21:57,3.370.262,0.00,0.00,171 825.16
2025.05.09 12:05:48,777933804,XAUUSD,sell,0.1,3.331.531,3.338.105,3.318.384,2025.05.09 13:29:36,3.338.105,0.00,0.00,-1 087 102.35
2025.05.09 14:11:00,778891321,XAUUSD,buy,0.01,3.321.644,3.321.717,3.332.036,2025.05.09 14:13:28,3.321.578,0.00,0.00,-991.94
2025.05.09 14:27:00,779072919,XAUUSD,sell,0.01,3.334.751,3.344.743,3.324.743,2025.05.09 15:38:04,3.344.743,0.00,0.00,-165 173.59
2025.05.09 14:28:00,779090434,XAUUSD,sell,0.01,3.337.720,3.336.807,3.324.743,2025.05.09 14:43:56,3.336.807,0.00,0.00,15 007.37
2025.05.09 14:28:05,779092327,XAUUSD,sell,0.01,3.338.249,3.336.800,3.324.743,2025.05.09 14:43:56,3.336.800,0.00,0.00,23 912.84
2025.05.09 14:30:00,779113801,XAUUSD,sell,0.01,3.337.945,3.336.807,3.324.743,2025.05.09 14:43:56,3.336.807,0.00,0.00,18 800.44
2025.05.09 14:35:00,779177125,XAUUSD,sell,0.01,3.336.781,3.344.743,3.324.743,2025.05.09 15:38:04,3.344.743,0.00,0.00,-131 609.79
2025.05.11 18:47:25,784305974,BTCUSD,sell,0.04,104593.81,,,2025.05.11 19:00:41,104531.78,0.00,0.00,40 995.33
2025.05.11 22:30:00,784569298,XAUUSD,buy,0.01,3.278.156,3.268.294,3.288.294,2025.05.11 22:45:19,3.268.294,0.00,0.00,-163 500.26
2025.05.11 23:30:00,784766141,XAUUSD,sell,0.01,3.285.522,3.281.180,3.274.672,2025.05.11 23:36:12,3.281.180,0.00,0.00,71 741.83
2025.05.26 16:26:37,884096406,XAUUSD,sell,0.1,3.340.557,3.341.669,3.338.669,2025.05.26 16:38:51,3.341.722,0.00,0.00,-189 724.40
2025.05.26 16:27:38,884102345,XAUUSD,sell,0.1,3.340.556,3.341.668,3.338.668,2025.05.26 16:38:51,3.341.668,0.00,0.00,-181 093.16
2025.05.26 16:28:38,884108029,XAUUSD,sell,0.1,3.340.411,3.341.523,3.338.523,2025.05.26 16:38:37,3.341.523,0.00,0.00,-181 093.16
2025.05.26 16:29:39,884114651,XAUUSD,sell,0.1,3.340.797,3.340.237,3.338.909,2025.05.26 16:36:34,3.340.237,0.00,0.00,90 923.60
2025.05.26 16:30:39,884119978,XAUUSD,sell,0.1,3.340.922,3.340.237,3.339.035,2025.05.26 16:36:34,3.340.237,0.00,0.00,111 219.04
2025.05.26 16:31:39,884125338,XAUUSD,sell,0.1,3.340.609,3.341.721,3.338.721,2025.05.26 16:38:51,3.341.721,0.00,0.00,-181 093.16
2025.05.26 16:32:40,884132614,XAUUSD,sell,0.1,3.341.102,3.340.237,3.339.214,2025.05.26 16:36:34,3.340.237,0.00,0.00,140 444.48
2025.05.26 16:33:40,884138097,XAUUSD,sell,0.1,3.340.892,3.340.284,3.339.004,2025.05.26 16:36:34,3.340.284,0.00,0.00,98 717.05
2025.05.26 16:34:41,884141796,XAUUSD,sell,0.1,3.340.790,3.340.284,3.338.902,2025.05.26 16:36:34,3.340.284,0.00,0.00,82 155.96
2025.05.26 16:35:41,884147103,XAUUSD,sell,0.1,3.340.596,3.341.708,3.338.708,2025.05.26 16:38:51,3.341.708,0.00,0.00,-181 093.16
2025.05.26 16:36:42,884154234,XAUUSD,sell,0.1,3.340.171,3.341.283,3.338.283,2025.05.26 16:37:43,3.341.283,0.00,0.00,-181 093.16
2025.05.26 16:37:42,884159516,XAUUSD,sell,0.1,3.340.754,3.341.866,3.338.866,2025.05.26 16:40:36,3.341.866,0.00,0.00,-181 093.16
2025.05.26 16:38:42,884166910,XAUUSD,sell,0.1,3.341.519,3.342.631,3.339.631,2025.05.26 16:41:17,3.342.685,0.00,0.00,-189 887.26
2025.05.26 16:39:43,884173521,XAUUSD,sell,0.1,3.341.549,3.342.661,3.339.661,2025.05.26 16:41:17,3.342.685,0.00,0.00,-185 001.65
2025.05.26 16:40:43,884181831,XAUUSD,sell,0.1,3.341.900,3.342.881,3.339.881,2025.05.26 16:42:08,3.343.150,0.00,0.00,-203 554.87
2025.05.26 16:41:44,884190786,XAUUSD,sell,0.1,3.342.346,3.343.458,3.340.458,2025.05.26 16:42:12,3.343.458,0.00,0.00,-181 082.41
2025.05.26 16:42:44,884200904,XAUUSD,sell,0.1,3.342.894,3.342.293,3.341.006,2025.05.26 16:52:07,3.342.293,0.00,0.00,97 574.69
2025.05.26 16:43:45,884207881,XAUUSD,sell,0.1,3.342.950,3.342.231,3.341.062,2025.05.26 16:52:07,3.342.231,0.00,0.00,116 732.45
2025.05.26 16:44:45,884212591,XAUUSD,sell,0.1,3.342.755,3.342.231,3.340.867,2025.05.26 16:52:07,3.342.231,0.00,0.00,85 073.44
2025.05.26 16:45:46,884216817,XAUUSD,sell,0.1,3.342.626,3.341.442,3.340.738,2025.05.26 17:02:37,3.341.442,0.00,0.00,192 205.67
2025.05.26 16:46:46,884221256,XAUUSD,sell,0.1,3.342.419,3.341.442,3.340.531,2025.05.26 17:02:37,3.341.442,0.00,0.00,158 602.15
2025.05.26 16:47:47,884226866,XAUUSD,sell,0.1,3.342.864,3.342.231,3.340.975,2025.05.26 16:52:07,3.342.231,0.00,0.00,102 770.01
2025.05.26 16:48:47,884231015,XAUUSD,sell,0.1,3.342.835,3.342.231,3.340.947,2025.05.26 16:52:07,3.342.231,0.00,0.00,98 061.75
2025.05.26 16:49:48,884235184,XAUUSD,sell,0.1,3.342.452,3.341.359,3.340.564,2025.05.26 17:02:36,3.341.359,0.00,0.00,177 433.11
2025.05.26 16:50:48,884240742,XAUUSD,sell,0.1,3.342.381,3.341.359,3.340.493,2025.05.26 17:02:36,3.341.359,0.00,0.00,165 907.26
2025.05.26 16:51:49,884245281,XAUUSD,sell,0.1,3.341.925,3.341.359,3.340.037,2025.05.26 17:02:36,3.341.359,0.00,0.00,91 882.10
2025.05.26 16:52:49,884250453,XAUUSD,sell,0.1,3.342.151,3.341.359,3.340.266,2025.05.26 17:02:36,3.341.359,0.00,0.00,128 570.01
2025.05.26 16:53:50,884253238,XAUUSD,sell,0.1,3.342.134,3.341.359,3.340.246,2025.05.26 17:02:36,3.341.359,0.00,0.00,125 810.30
2025.05.26 16:54:50,884256325,XAUUSD,sell,0.1,3.342.113,3.341.359,3.340.225,2025.05.26 17:02:36,3.341.359,0.00,0.00,122 401.25
2025.05.26 16:55:50,884259776,XAUUSD,sell,0.1,3.341.889,3.341.359,3.340.001,2025.05.26 17:02:36,3.341.359,0.00,0.00,86 038.01
2025.05.26 16:56:51,884262563,XAUUSD,sell,0.1,3.342.203,3.341.359,3.340.315,2025.05.26 17:02:36,3.341.359,0.00,0.00,137 011.48
2025.05.26 16:57:51,884265101,XAUUSD,sell,0.1,3.342.127,3.341.476,3.340.239,2025.05.26 17:02:39,3.341.476,0.00,0.00,105 680.65
2025.05.26 16:58:52,884267885,XAUUSD,sell,0.1,3.342.377,3.341.476,3.340.489,2025.05.26 17:02:39,3.341.476,0.00,0.00,146 264.62
2025.07.26 6:50:49,1209420235,BTCUSD,buy,0.01,117426.01,116726.04,118426.04,2025.07.26 8:16:46,117386.66,0.00,0.00,-6 551.84
2025.07.26 6:50:59,1209420311,BTCUSD,buy,0.01,117423.83,116724.08,118424.08,2025.07.26 8:16:46,117386.66,0.00,0.00,-6 060.45
2025.07.26 6:51:09,1209420421,BTCUSD,buy,0.01,117426.11,116725.68,118425.68,2025.07.26 8:16:46,117386.66,0.00,0.00,-6 551.84
2025.07.26 6:51:19,1209420556,BTCUSD,buy,0.01,117421.36,116720.91,118420.91,2025.07.26 8:16:46,117386.66,0.00,0.00,-5 569.06
2025.07.26 6:51:29,1209420658,BTCUSD,buy,0.01,117424.96,116725.32,118425.32,2025.07.26 8:16:46,117386.66,0.00,0.00,-6 224.25
2025.07.26 6:51:39,1209420796,BTCUSD,buy,0.01,117425.40,116725.22,118425.22,2025.07.26 8:16:46,117386.66,0.00,0.00,-6 224.25
2025.07.26 6:51:49,1209420914,BTCUSD,buy,0.01,117425.66,116725.75,118425.75,2025.07.26 8:16:46,117386.66,0.00,0.00,-6 388.04
2025.07.26 6:51:59,1209421041,BTCUSD,buy,0.01,117426.47,116726.70,118426.70,2025.07.26 8:16:46,117386.66,0.00,0.00,-6 551.84
2025.07.26 6:52:09,1209421252,BTCUSD,buy,0.01,117415.71,116715.65,118415.65,2025.07.26 8:16:46,117386.66,0.00,0.00,-4 750.08
2025.07.26 6:52:19,1209421379,BTCUSD,buy,0.01,117416.71,116717.30,118417.30,2025.07.26 8:16:46,117386.66,0.00,0.00,-4 913.88
2025.07.26 6:52:29,1209421458,BTCUSD,buy,0.01,117414.99,116715.42,118415.42,2025.07.26 8:16:46,117386.66,0.00,0.00,-4 586.29
2025.07.26 6:52:39,1209421528,BTCUSD,buy,0.01,117414.19,116714.11,118414.11,2025.07.26 8:16:46,117386.66,0.00,0.00,-4 422.49
2025.07.26 6:52:49,1209421620,BTCUSD,buy,0.01,117415.00,116715.11,118415.11,2025.07.26 8:16:46,117386.66,0.00,0.00,-4 586.29
2025.07.26 6:52:59,1209421683,BTCUSD,buy,0.01,117414.28,116714.21,118414.21,2025.07.26 8:16:46,117386.66,0.00,0.00,-4 422.49
2025.07.26 6:53:09,1209421774,BTCUSD,buy,0.01,117415.70,116715.79,118415.79,2025.07.26 8:16:46,117386.66,0.00,0.00,-4 750.08
2025.07.26 6:53:19,1209421833,BTCUSD,buy,0.01,117416.73,116716.48,118416.48,2025.07.26 8:16:46,117386.66,0.00,0.00,-4 913.88
2025.07.26 6:53:29,1209422026,BTCUSD,buy,0.01,117415.00,116714.86,118414.86,2025.07.26 8:16:46,117386.66,0.00,0.00,-4 586.29
2025.07.26 6:53:39,1209422115,BTCUSD,buy,0.01,117415.35,116715.25,118415.25,2025.07.26 8:16:46,117386.66,0.00,0.00,-4 750.08
2025.07.26 6:53:49,1209422204,BTCUSD,buy,0.01,117412.39,116712.36,118412.36,2025.07.26 8:16:46,117386.66,0.00,0.00,-4 094.90
2025.07.26 6:53:59,1209422295,BTCUSD,buy,0.01,117414.39,116714.49,118414.49,2025.07.26 8:16:46,117386.66,0.00,0.00,-4 422.49
2025.07.26 6:54:09,1209422396,BTCUSD,buy,0.01,117414.93,116714.95,118414.95,2025.07.26 8:16:46,117386.66,0.00,0.00,-4 586.29
2025.07.26 6:54:19,1209422485,BTCUSD,buy,0.01,117412.98,116713.06,118413.06,2025.07.26 8:16:46,117386.66,0.00,0.00,-4 258.69
2025.07.26 6:54:29,1209422557,BTCUSD,buy,0.01,117411.95,116712.12,118412.12,2025.07.26 8:16:46,117386.66,0.00,0.00,-4 094.90
2025.07.26 6:54:39,1209422634,BTCUSD,buy,0.01,117413.41,116713.82,118413.82,2025.07.26 8:16:46,117386.66,0.00,0.00,-4 258.69
2025.07.26 6:54:49,1209422709,BTCUSD,buy,0.01,117412.72,116712.99,118412.99,2025.07.26 8:16:46,117386.66,0.00,0.00,-4 094.90
2025.07.26 6:54:59,1209422818,BTCUSD,buy,0.01,117409.84,116709.68,118409.68,2025.07.26 8:16:46,117386.66,0.00,0.00,-3 603.51
2025.07.26 6:55:09,1209422896,BTCUSD,buy,0.01,117409.06,116708.97,118408.97,2025.07.26 8:16:46,117386.66,0.00,0.00,-3 439.72
2025.07.26 6:55:19,1209423019,BTCUSD,buy,0.01,117407.41,116707.39,118407.39,2025.07.26 8:16:46,117386.66,0.00,0.00,-3 275.92
2025.07.26 6:55:29,1209423164,BTCUSD,buy,0.01,117408.13,116708.20,118408.20,2025.07.26 8:16:46,117386.66,0.00,0.00,-3 439.72
2025.07.26 6:55:39,1209423237,BTCUSD,buy,0.01,117409.12,116709.08,118409.08,2025.07.26 8:16:46,117386.66,0.00,0.00,-3 603.51
2025.07.26 6:55:49,1209423315,BTCUSD,buy,0.01,117407.31,116707.40,118407.40,2025.07.26 8:16:46,117386.66,0.00,0.00,-3 275.92
2025.07.26 6:55:59,1209423376,BTCUSD,buy,0.01,117406.84,116707.03,118407.03,2025.07.26 8:16:46,117386.66,0.00,0.00,-3 275.92
2025.07.26 6:56:09,1209423455,BTCUSD,buy,0.01,117406.75,116706.72,118406.72,2025.07.26 8:16:46,117386.66,0.00,0.00,-3 275.92
2025.07.26 6:56:19,1209423521,BTCUSD,buy,0.01,117406.49,116706.31,118406.31,2025.07.26 8:16:46,117386.66,0.00,0.00,-3 275.92
2025.07.26 6:56:29,1209423588,BTCUSD,buy,0.01,117407.13,116707.32,118407.32,2025.07.26 8:16:46,117386.66,0.00,0.00,-3 275.92
2025.07.26 6:56:39,1209423646,BTCUSD,buy,0.01,117406.78,116706.58,118406.58,2025.07.26 8:16:46,117386.66,0.00,0.00,-3 275.92
2025.07.26 6:56:49,1209423719,BTCUSD,buy,0.01,117406.18,116706.26,118406.26,2025.07.26 8:16:46,117386.66,0.00,0.00,-3 275.92
2025.07.26 6:56:59,1209423789,BTCUSD,buy,0.01,117405.35,116705.41,118405.41,2025.07.26 8:16:46,117386.66,0.00,0.00,-3 112.12
2025.07.26 6:57:09,1209423854,BTCUSD,buy,0.01,117405.95,116705.90,118405.90,2025.07.26 8:16:46,117386.66,0.00,0.00,-3 112.12
2025.07.26 6:57:19,1209423916,BTCUSD,buy,0.01,117406.32,116706.36,118406.36,2025.07.26 8:16:46,117386.66,0.00,0.00,-3 112.12
2025.07.26 6:57:29,1209423974,BTCUSD,buy,0.01,117405.44,116705.43,118405.43,2025.07.26 8:16:46,117386.66,0.00,0.00,-3 112.12
2025.07.26 6:57:39,1209424032,BTCUSD,buy,0.01,117405.97,116706.01,118406.01,2025.07.26 8:16:46,117386.66,0.00,0.00,-3 112.12
2025.07.26 6:57:49,1209424083,BTCUSD,buy,0.01,117404.99,116705.00,118405.00,2025.07.26 8:16:46,117386.66,0.00,0.00,-3 112.12
2025.07.26 6:57:59,1209424160,BTCUSD,buy,0.01,117405.02,116705.02,118405.02,2025.07.26 8:16:46,117386.66,0.00,0.00,-3 112.12
2025.07.26 6:58:09,1209424213,BTCUSD,buy,0.01,117404.88,116704.88,118404.88,2025.07.26 8:16:46,117386.66,0.00,0.00,-3 112.12
2025.07.26 6:58:19,1209424263,BTCUSD,buy,0.01,117405.81,116705.69,118405.69,2025.07.26 8:16:46,117386.66,0.00,0.00,-3 112.12
2025.07.26 6:58:29,1209424317,BTCUSD,buy,0.01,117405.84,116705.90,118405.90,2025.07.26 8:16:46,117386.66,0.00,0.00,-3 112.12
2025.07.26 6:58:39,1209424376,BTCUSD,buy,0.01,117406.18,116706.18,118406.18,2025.07.26 8:16:46,117386.66,0.00,0.00,-3 275.92
2025.07.26 6:58:49,1209424424,BTCUSD,buy,0.01,117405.47,116705.47,118405.47,2025.07.26 8:16:46,117386.66,0.00,0.00,-3 112.12
2025.07.26 6:58:59,1209424479,BTCUSD,buy,0.01,117405.81,116705.81,118405.81,2025.07.26 8:16:46,117386.66,0.00,0.00,-3 112.12
2025.07.26 6:59:09,1209424535,BTCUSD,buy,0.01,117405.74,116705.74,118405.74,2025.07.26 8:16:46,117386.66,0.00,0.00,-3 112.12
2025.07.26 6:59:19,1209424601,BTCUSD,buy,0.01,117406.49,116706.49,118406.49,2025.07.26 8:16:46,117386.66,0.00,0.00,-3 275.92
2025.07.26 6:59:29,1209424653,BTCUSD,buy,0.01,117405.76,116705.79,118405.79,2025.07.26 8:16:46,117386.66,0.00,0.00,-3 112.12
2025.07.26 6:59:39,1209424718,BTCUSD,buy,0.01,117405.69,116705.69,118405.69,2025.07.26 8:16:46,117386.66,0.00,0.00,-3 112.12
2025.07.26 6:59:49,1209424794,BTCUSD,buy,0.01,117405.86,116705.86,118405.86,2025.07.26 8:16:46,117386.66,0.00,0.00,-3 112.12
2025.07.26 6:59:59,1209424855,BTCUSD,buy,0.01,117405.70,116705.70,118405.70,2025.07.26 8:16:46,117386.66,0.00,0.00,-3 112.12
2025.07.26 7:00:09,1209424911,BTCUSD,buy,0.01,117405.34,116705.34,118405.34,2025.07.26 8:16:46,117386.66,0.00,0.00,-3 112.12
2025.07.26 7:00:19,1209424996,BTCUSD,buy,0.01,117404.99,116704.99,118404.99,2025.07.26 8:16:46,117386.66,0.00,0.00,-3 112.12
2025.07.26 7:00:29,1209425055,BTCUSD,buy,0.01,117405.07,116705.07,118405.07,2025.07.26 8:16:46,117386.66,0.00,0.00,-3 112.12
2025.07.26 7:00:39,1209425121,BTCUSD,buy,0.01,117405.37,116705.37,118405.37,2025.07.26 8:16:46,117386.66,0.00,0.00,-3 112.12
2025.07.26 7:00:49,1209425184,BTCUSD,buy,0.01,117404.70,116704.70,118404.70,2025.07.26 8:16:46,117386.66,0.00,0.00,-3 112.12
2025.07.26 7:00:59,1209425235,BTCUSD,buy,0.01,117404.81,116704.81,118404.81,2025.07.26 8:16:46,117386.66,0.00,0.00,-3 112.12
2025.07.26 7:01:09,1209425297,BTCUSD,buy,0.01,117404.81,116704.81,118404.81,2025.07.26 8:16:46,117386.66,0.00,0.00,-3 112.12
2025.07.26 7:01:19,1209425354,BTCUSD,buy,0.01,117405.69,116705.69,118405.69,2025.07.26 8:16:46,117386.66,0.00,0.00,-3 112.12
2025.07.26 7:01:29,1209425421,BTCUSD,buy,0.01,117405.69,116705.69,118405.69,2025.07.26 8:16:46,117386.66,0.00,0.00,-3 112.12
2025.07.26 7:01:39,1209425471,BTCUSD,buy,0.01,117405.90,116705.90,118405.90,2025.07.26 8:16:46,117386.66,0.00,0.00,-3 112.12
2025.07.26 7:01:49,1209425515,BTCUSD,buy,0.01,117405.90,116705.90,118405.90,2025.07.26 8:16:46,117386.66,0.00,0.00,-3 112.12
2025.07.26 7:01:59,1209425567,BTCUSD,buy,0.01,117405.90,116705.90,118405.90,2025.07.26 8:16:46,117386.66,0.00,0.00,-3 112.12
2025.07.26 7:02:09,1209425624,BTCUSD,buy,0.01,117405.90,116705.90,118405.90,2025.07.26 8:16:46,117386.66,0.00,0.00,-3 112.12
2025.07.26 7:02:19,1209425696,BTCUSD,buy,0.01,117405.90,116705.90,118405.90,2025.07.26 8:16:46,117386.66,0.00,0.00,-3 112.12
2025.07.26 7:02:29,1209425752,BTCUSD,buy,0.01,117405.90,116705.90,118405.90,2025.07.26 8:16:46,117386.66,0.00,0.00,-3 112.12
2025.07.26 7:02:39,1209425812,BTCUSD,buy,0.01,117405.90,116705.90,118405.90,2025.07.26 8:16:46,117386.66,0.00,0.00,-3 112.12
2025.07.26 7:02:49,1209425867,BTCUSD,buy,0.01,117405.90,116705.90,118405.90,2025.07.26 8:16:46,117386.66,0.00,0.00,-3 112.12
2025.07.26 7:02:59,1209425927,BTCUSD,buy,0.01,117405.90,116705.90,118405.90,2025.07.26 8:16:46,117386.66,0.00,0.00,-3 112.12
2025.07.26 7:03:09,1209425983,BTCUSD,buy,0.01,117405.90,116705.90,118405.90,2025.07.26 8:16:46,117386.66,0.00,0.00,-3 112.12
2025.07.26 7:03:19,1209426038,BTCUSD,buy,0.01,117405.90,116705.90,118405.90,2025.07.26 8:16:46,117386.66,0.00,0.00,-3 112.12
2025.07.26 7:03:29,1209426083,BTCUSD,buy,0.01,117405.90,116705.90,118405.90,2025.07.26 8:16:46,117386.66,0.00,0.00,-3 112.12
2025.07.26 7:03:39,1209426140,BTCUSD,buy,0.01,117405.90,116705.90,118405.90,2025.07.26 8:16:46,117386.66,0.00,0.00,-3 112.12
2025.07.26 7:03:49,1209426207,BTCUSD,buy,0.01,117405.90,116705.90,118405.90,2025.07.26 8:16:46,117386.66,0.00,0.00,-3 112.12
2025.07.26 7:03:59,1209426262,BTCUSD,buy,0.01,117405.90,116705.90,118405.90,2025.07.26 8:16:46,117386.66,0.00,0.00,-3 112.12
2025.07.26 7:04:09,1209426315,BTCUSD,buy,0.01,117405.90,116705.90,118405.90,2025.07.26 8:16:46,117386.66,0.00,0.00,-3 112.12
2025.07.26 7:04:19,1209426372,BTCUSD,buy,0.01,117405.90,116705.90,118405.90,2025.07.26 8:16:46,117386.66,0.00,0.00,-3 112.12
2025.07.26 7:04:29,1209426421,BTCUSD,buy,0.01,117405.90,116705.90,118405.90,2025.07.26 8:16:46,117386.66,0.00,0.00,-3 112.12
2025.07.26 7:04:39,1209426477,BTCUSD,buy,0.01,117405.90,116705.90,118405.90,2025.07.26 8:16:46,117386.66,0.00,0.00,-3 112.12
2025.07.26 7:04:49,1209426532,BTCUSD,buy,0.01,117405.90,116705.90,118405.90,2025.07.26 8:16:46,117386.66,0.00,0.00,-3 112.12
2025.07.26 7:04:59,1209426588,BTCUSD,buy,0.01,117405.90,116705.90,118405.90,2025.07.26 8:16:46,117386.66,0.00,0.00,-3 112.12
2025.07.26 7:05:09,1209426639,BTCUSD,buy,0.01,117405.90,116705.90,118405.90,2025.07.26 8:16:46,117386.66,0.00,0.00,-3 112.12
2025.07.26 7:05:19,1209426694,BTCUSD,buy,0.01,117405.90,116705.90,118405.90,2025.07.26 8:16:46,117386.66,0.00,0.00,-3 112.12
2025.07.26 7:05:29,1209426756,BTCUSD,buy,0.01,117405.90,116705.90,118405.90,2025.07.26 8:16:46,117386.66,0.00,0.00,-3 112.12
2025.07.26 7:05:39,1209426815,BTCUSD,buy,0.01,117405.90,116705.90,118405.90,2025.07.26 8:16:46,117386.66,0.00,0.00,-3 112.12
2025.07.26 7:05:49,1209426875,BTCUSD,buy,0.01,117405.90,116705.90,118405.90,2025.07.26 8:16:46,117386.66,0.00,0.00,-3 112.12
2025.07.26 7:05:59,1209426938,BTCUSD,buy,0.01,117405.90,116705.90,118405.90,2025.07.26 8:16:46,117386.66,0.00,0.00,-3 112.12
2025.07.26 7:06:09,1209426998,BTCUSD,buy,0.01,117405.90,116705.90,118405.90,2025.07.26 8:16:46,117386.66,0.00,0.00,-3 112.12
2025.07.26 7:06:19,1209427050,BTCUSD,buy,0.01,117405.90,116705.90,118405.90,2025.07.26 8:16:46,117386.66,0.00,0.00,-3 112.12
2025.07.26 7:06:29,1209427110,BTCUSD,buy,0.01,117405.90,116705.90,118405.90,2025.07.26 8:16:46,117386.66,0.00,0.00,-3 112.12
2025.07.26 7:06:39,1209427167,BTCUSD,buy,0.01,117405.90,116705.90,118405.90,2025.07.26 8:16:46,117386.66,0.00,0.00,-3 112.12
2025.07.26 7:06:49,1209427226,BTCUSD,buy,0.01,117405.90,116705.90,118405.90,2025.07.26 8:16:46,117386.66,0.00,0.00,-3 112.12
2025.07.26 7:06:59,1209427282,BTCUSD,buy,0.01,117405.90,116705.90,118405.90,2025.07.26 8:16:46,117386.66,0.00,0.00,-3 112.12
2025.07.26 7:07:09,1209427339,BTCUSD,buy,0.01,117405.90,116705.90,118405.90,2025.07.26 8:16:46,117386.66,0.00,0.00,-3 112.12
2025.07.26 7:07:19,1209427404,BTCUSD,buy,0.01,117405.90,116705.90,118405.90,2025.07.26 8:16:46,117386.66,0.00,0.00,-3 112.12
2025.07.26 7:07:29,1209427464,BTCUSD,buy,0.01,117405.90,116705.90,118405.90,2025.07.26 8:16:46,117386.66,0.00,0.00,-3 112.12
2025.07.26 7:07:39,1209427521,BTCUSD,buy,0.01,117405.90,116705.90,118405.90,2025.07.26 8:16:46,117386.66,0.00,0.00,-3 112.12
2025.07.26 7:07:49,1209427575,BTCUSD,buy,0.01,117405.90,116705.90,118405.90,2025.07.26 8:16:46,117386.66,0.00,0.00,-3 112.12
2025.07.26 7:07:59,1209427633,BTCUSD,buy,0.01,117405.90,116705.90,118405.90,2025.07.26 8:16:46,117386.66,0.00,0.00,-3 112.12
2025.07.26 7:08:09,1209427685,BTCUSD,buy,0.01,117405.90,116705.90,118405.90,2025.07.26 8:16:46,117386.66,0.00,0.00,-3 112.12
2025.07.26 7:08:19,1209427740,BTCUSD,buy,0.01,117405.90,116705.90,118405.90,2025.07.26 8:16:46,117386.66,0.00,0.00,-3 112.12
2025.07.26 7:08:29,1209427797,BTCUSD,buy,0.01,117405.90,116705.90,118405.90,2025.07.26 8:16:46,117386.66,0.00,0.00,-3 112.12
2025.07.26 7:08:39,1209427854,BTCUSD,buy,0.01,117405.90,116705.90,118405.90,2025.07.26 8:16:46,117386.66,0.00,0.00,-3 112.12
2025.07.26 7:08:49,1209427909,BTCUSD,buy,0.01,117405.90,116705.90,118405.90,2025.07.26 8:16:46,117386.66,0.00,0.00,-3 112.12
2025.07.26 7:08:59,1209427966,BTCUSD,buy,0.01,117405.90,116705.90,118405.90,2025.07.26 8:16:46,117386.66,0.00,0.00,-3 112.12
2025.07.26 7:09:09,1209428022,BTCUSD,buy,0.01,117405.90,116705.90,118405.90,2025.07.26 8:16:46,117386.66,0.00,0.00,-3 112.12
2025.07.26 7:09:19,1209428075,BTCUSD,buy,0.01,117405.90,116705.90,118405.90,2025.07.26 8:16:46,117386.66,0.00,0.00,-3 112.12
2025.07.26 7:09:29,1209428131,BTCUSD,buy,0.01,117405.90,116705.90,118405.90,2025.07.26 8:16:46,117386.66,0.00,0.00,-3 112.12
2025.07.26 7:09:39,1209428186,BTCUSD,buy,0.01,117405.90,116705.90,118405.90,2025.07.26 8:16:46,117386.66,0.00,0.00,-3 112.12
2025.07.26 7:09:49,1209428236,BTCUSD,buy,0.01,117405.90,116705.90,118405.90,2025.07.26 8:16:46,117386.66,0.00,0.00,-3 112.12
2025.07.26 7:09:59,1209428291,BTCUSD,buy,0.01,117405.90,116705.90,118405.90,2025.07.26 8:16:46,117386.66,0.00,0.00,-3 112.12
2025.07.26 7:10:09,1209428347,BTCUSD,buy,0.01,117405.90,116705.90,118405.90,2025.07.26 8:16:46,117386.66,0.00,0.00,-3 112.12
2025.07.26 7:10:19,1209428404,BTCUSD,buy,0.01,117405.90,116705.90,118405.90,2025.07.26 8:16:46,117386.66,0.00,0.00,-3 112.12
2025.07.26 7:10:29,1209428462,BTCUSD,buy,0.01,117405.90,116705.90,118405.90,2025.07.26 8:16:46,117386.66,0.00,0.00,-3 112.12
2025.07.26 7:10:39,1209428517,BTCUSD,buy,0.01,117405.90,116705.90,118405.90,2025.07.26 8:16:46,117386.66,0.00,0.00,-3 112.12
2025.07.26 7:10:49,1209428574,BTCUSD,buy,0.01,117405.90,116705.90,118405.90,2025.07.26 8:16:46,117386.66,0.00,0.00,-3 112.12
2025.07.26 7:10:59,1209428629,BTCUSD,buy,0.01,117405.90,116705.90,118405.90,2025.07.26 8:16:46,117386.66,0.00,0.00,-3 112.12
2025.07.26 7:11:09,1209428682,BTCUSD,buy,0.01,117405.90,116705.90,118405.90,2025.07.26 8:16:46,117386.66,0.00,0.00,-3 112.12
2025.07.26 7:11:19,1209428741,BTCUSD,buy,0.01,117405.90,116705.90,118405.90,2025.07.26 8:16:46,117386.66,0.00,0.00,-3 112.12
2025.07.26 7:11:29,1209428795,BTCUSD,buy,0.01,117405.90,116705.90,118405.90,2025.07.26 8:16:46,117386.66,0.00,0.00,-3 112.12
2025.07.26 7:11:39,1209428852,BTCUSD,buy,0.01,117405.90,116705.90,118405.90,2025.07.26 8:16:46,117386.66,0.00,0.00,-3 112.12
2025.07.26 7:11:49,1209428908,BTCUSD,buy,0.01,117405.90,116705.90,118405.90,2025.07.26 8:16:46,117386.66,0.00,0.00,-3 112.12
2025.07.26 7:11:59,1209428963,BTCUSD,buy,0.01,117405.90,116705.90,118405.90,2025.07.26 8:16:46,117386.66,0.00,0.00,-3 112.12
2025.07.26 7:12:09,1209429016,BTCUSD,buy,0.01,117405.90,116705.90,118405.90,2025.07.26 8:16:46,117386.66,0.00,0.00,-3 112.12
2025.07.26 7:12:19,1209429074,BTCUSD,buy,0.01,117405.90,116705.90,118405.90,2025.07.26 8:16:46,117386.66,0.00,0.00,-3 112.12
2025.07.26 7:12:29,1209429132,BTCUSD,buy,0.01,117405.90,116705.90,118405.90,2025.07.26 8:16:46,117386.66,0.00,0.00,-3 112.12
2025.07.26 7:12:39,1209429188,BTCUSD,buy,0.01,117405.90,116705.90,118405.90,2025.07.26 8:16:46,117386.66,0.00,0.00,-3 112.12
2025.07.26 7:12:49,1209429244,BTCUSD,buy,0.01,117405.90,116705.90,118405.90,2025.07.26 8:16:46,117386.66,0.00,0.00,-3 112.12
2025.07.26 7:12:59,1209429299,BTCUSD,buy,0.01,117405.90,116705.90,118405.90,2025.07.26 8:16:46,117386.66,0.00,0.00,-3 112.12
2025.07.26 7:13:09,1209429352,BTCUSD,buy,0.01,117405.90,116705.90,118405.90,2025.07.26 8:16:46,117386.66,0.00,0.00,-3 112.12
2025.07.26 7:13:19,1209429410,BTCUSD,buy,0.01,117405.90,116705.90,118405.90,2025.07.26 8:16:46,117386.66,0.00,0.00,-3 112.12
2025.07.26 7:13:29,1209429464,BTCUSD,buy,0.01,117405.90,116705.90,118405.90,2025.07.26 8:16:46,117386.66,0.00,0.00,-3 112.12
2025.07.26 7:13:39,1209429521,BTCUSD,buy,0.01,117405.90,116705.90,118405.90,2025.07.26 8:16:46,117386.66,0.00,0.00,-3 112.12
2025.07.26 7:13:49,1209429579,BTCUSD,buy,0.01,117405.90,116705.90,118405.90,2025.07.26 8:16:46,117386.66,0.00,0.00,-3 112.12
2025.07.26 7:13:59,1209429636,BTCUSD,buy,0.01,117405.90,116705.90,118405.90,2025.07.26 8:16:46,117386.66,0.00,0.00,-3 112.12
2025.07.26 7:14:09,1209429690,BTCUSD,buy,0.01,117405.90,116705.90,118405.90,2025.07.26 8:16:46,117386.66,0.00,0.00,-3 112.12
2025.07.26 7:14:19,1209429747,BTCUSD,buy,0.01,117405.90,116705.90,118405.90,2025.07.26 8:16:46,117386.66,0.00,0.00,-3 112.12
2025.07.26 7:14:29,1209429802,BTCUSD,buy,0.01,117405.90,116705.90,118405.90,2025.07.26 8:16:46,117386.66,0.00,0.00,-3 112.12
2025.07.26 7:14:39,1209429858,BTCUSD,buy,0.01,117405.90,116705.90,118405.90,2025.07.26 8:16:46,117386.66,0.00,0.00,-3 112.12
2025.07.26 7:14:49,1209429916,BTCUSD,buy,0.01,117405.90,116705.90,118405.90,2025.07.26 8:16:46,117386.66,0.00,0.00,-3 112.12
2025.07.26 7:14:59,1209429976,BTCUSD,buy,0.01,117405.90,116705.90,118405.90,2025.07.26 8:16:46,117386.66,0.00,0.00,-3 112.12
2025.07.26 7:15:09,1209430029,BTCUSD,buy,0.01,117405.90,116705.90,118405.90,2025.07.26 8:16:46,117386.66,0.00,0.00,-3 112.12
2025.07.26 7:15:19,1209430089,BTCUSD,buy,0.01,117405.90,116705.90,118405.90,2025.07.26 8:16:46,117386.66,0.00,0.00,-3 112.12
2025.07.26 7:15:29,1209430147,BTCUSD,buy,0.01,117405.90,116705.90,118405.90,2025.07.26 8:16:46,117386.66,0.00,0.00,-3 112.12
2025.07.26 7:15:39,1209430202,BTCUSD,buy,0.01,117405.90,116705.90,118405.90,2025.07.26 8:16:46,117386.66,0.00,0.00,-3 112.12
2025.07.26 7:15:49,1209430259,BTCUSD,buy,0.01,117405.90,116705.90,118405.90,2025.07.26 8:16:46,117386.66,0.00,0.00,-3 112.12
2025.07.26 7:15:59,1209430316,BTCUSD,buy,0.01,117405.90,116705.90,118405.90,2025.07.26 8:16:46,117386.66,0.00,0.00,-3 112.12
2025.07.26 7:16:09,1209430373,BTCUSD,buy,0.01,117405.90,116705.90,118405.90,2025.07.26 8:16:46,117386.66,0.00,0.00,-3 112.12
2025.07.26 7:16:19,1209430429,BTCUSD,buy,0.01,117405.90,116705.90,118405.90,2025.07.26 8:16:46,117386.66,0.00,0.00,-3 112.12
2025.07.26 7:16:29,1209430485,BTCUSD,buy,0.01,117405.90,116705.90,118405.90,2025.07.26 8:16:46,117386.66,0.00,0.00,-3 112.12
2025.07.26 7:16:39,1209430541,BTCUSD,buy,0.01,117405.90,116705.90,118405.90,2025.07.26 8:16:46,117386.66,0.00,0.00,-3 112.12
2025.07.26 7:16:49,1209430596,BTCUSD,buy,0.01,117405.90,116705.90,118405.90,2025.07.26 8:16:46,117386.66,0.00,0.00,-3 112.12
2025.07.26 7:16:59,1209430652,BTCUSD,buy,0.01,117405.90,116705.90,118405.90,2025.07.26 8:16:46,117386.66,0.00,0.00,-3 112.12
2025.07.26 7:17:09,1209430708,BTCUSD,buy,0.01,117405.90,116705.90,118405.90,2025.07.26 8:16:46,117386.66,0.00,0.00,-3 112.12
2025.07.26 7:17:19,1209430763,BTCUSD,buy,0.01,117405.90,116705.90,118405.90,2025.07.26 8:16:46,117386.66,0.00,0.00,-3 112.12
2025.07.26 7:17:29,1209430819,BTCUSD,buy,0.01,117405.90,116705.90,118405.90,2025.07.26 8:16:46,117386.66,0.00,0.00,-3 112.12
2025.07.26 7:17:39,1209430874,BTCUSD,buy,0.01,117405.90,116705.90,118405.90,2025.07.26 8:16:46,117386.66,0.00,0.00,-3 112.12
2025.07.26 7:17:49,1209430932,BTCUSD,buy,0.01,117405.90,116705.90,118405.90,2025.07.26 8:16:46,117386.66,0.00,0.00,-3 112.12
2025.07.26 7:17:59,1209430987,BTCUSD,buy,0.01,117405.90,116705.90,118405.90,2025.07.26 8:16:46,117386.66,0.00,0.00,-3 112.12
2025.07.26 7:18:09,1209431043,BTCUSD,buy,0.01,117405.90,116705.90,118405.90,2025.07.26 8:16:46,117386.66,0.00,0.00,-3 112.12
2025.07.26 7:18:19,1209431099,BTCUSD,buy,0.01,117405.90,116705.90,118405.90,2025.07.26 8:16:46,117386.66,0.00,0.00,-3 112.12
2025.07.26 7:18:29,1209431154,BTCUSD,buy,0.01,117405.90,116705.90,118405.90,2025.07.26 8:16:46,117386.66,0.00,0.00,-3 112.12
2025.07.26 7:18:39,1209431210,BTCUSD,buy,0.01,117405.90,116705.90,118405.90,2025.07.26 8:16:46,117386.66,0.00,0.00,-3 112.12
2025.07.26 7:18:49,1209431267,BTCUSD,buy,0.01,117405.90,116705.90,118405.90,2025.07.26 8:16:46,117386.66,0.00,0.00,-3 112.12
2025.07.26 7:18:59,1209431322,BTCUSD,buy,0.01,117405.90,116705.90,118405.90,2025.07.26 8:16:46,117386.66,0.00,0.00,-3 112.12
2025.07.26 7:19:09,1209431378,BTCUSD,buy,0.01,117405.90,116705.90,118405.90,2025.07.26 8:16:46,117386.66,0.00,0.00,-3 112.12
2025.07.26 7:19:19,1209431433,BTCUSD,buy,0.01,117405.90,116705.90,118405.90,2025.07.26 8:16:46,117386.66,0.00,0.00,-3 112.12
2025.07.26 7:19:29,1209431489,BTCUSD,buy,0.01,117405.90,116705.90,118405.90,2025.07.26 8:16:46,117386.66,0.00,0.00,-3 112.12
2025.07.26 7:19:39,1209431545,BTCUSD,buy,0.01,117405.90,116705.90,118405.90,2025.07.26 8:16:46,117386.66,0.00,0.00,-3 112.12
2025.07.26 7:19:49,1209431600,BTCUSD,buy,0.01,117405.90,116705.90,118405.90,2025.07.26 8:16:46,117386.66,0.00,0.00,-3 112.12
2025.07.26 7:19:59,1209431656,BTCUSD,buy,0.01,117405.90,116705.90,118405.90,2025.07.26 8:16:46,117386.66,0.00,0.00,-3 112.12
2025.07.26 7:20:09,1209431712,BTCUSD,buy,0.01,117405.90,116705.90,118405.90,2025.07.26 8:16:46,117386.66,0.00,0.00,-3 112.12
2025.07.26 7:20:19,1209431770,BTCUSD,buy,0.01,117405.90,116705.90,118405.90,2025.07.26 8:16:46,117386.66,0.00,0.00,-3 112.12
2025.07.26 7:20:29,1209431828,BTCUSD,buy,0.01,117405.90,116705.90,118405.90,2025.07.26 8:16:46,117386.66,0.00,0.00,-3 112.12
2025.07.26 7:20:39,1209431883,BTCUSD,buy,0.01,117405.90,116705.90,118405.90,2025.07.26 8:16:46,117386.66,0.00,0.00,-3 112.12
2025.07.26 7:20:49,1209431938,BTCUSD,buy,0.01,117405.90,116705.90,118405.90,2025.07.26 8:16:46,117386.66,0.00,0.00,-3 112.12
2025.07.26 7:20:59,1209431994,BTCUSD,buy,0.01,117405.90,116705.90,118405.90,2025.07.26 8:16:46,117386.66,0.00,0.00,-3 112.12
2025.07.26 7:21:09,1209432050,BTCUSD,buy,0.01,117405.90,116705.90,118405.90,2025.07.26 8:16:46,117386.66,0.00,0.00,-3 112.12
2025.07.26 7:21:19,1209432105,BTCUSD,buy,0.01,117405.90,116705.90,118405.90,2025.07.26 8:16:46,117386.66,0.00,0.00,-3 112.12
2025.07.26 7:21:29,1209432161,BTCUSD,buy,0.01,117405.90,116705.90,118405.90,2025.07.26 8:16:46,117386.66,0.00,0.00,-3 112.12
2025.07.26 7:21:39,1209432216,BTCUSD,buy,0.01,117405.90,116705.90,118405.90,2025.07.26 8:16:46,117386.66,0.00,0.00,-3 112.12
2025.07.26 7:21:49,1209432273,BTCUSD,buy,0.01,117405.90,116705.90,118405.90,2025.07.26 8:16:46,117386.66,0.00,0.00,-3 112.12
2025.07.26 7:21:59,1209432328,BTCUSD,buy,0.01,117405.90,116705.90,118405.90,2025.07.26 8:16:46,117386.66,0.00,0.00,-3 112.12
2025.07.26 7:22:09,1209432384,BTCUSD,buy,0.01,117405.90,116705.90,118405.90,2025.07.26 8:16:46,117386.66,0.00,0.00,-3 112.12
2025.07.26 7:22:19,1209432439,BTCUSD,buy,0.01,117405.90,116705.90,118405.90,2025.07.26 8:16:46,117386.66,0.00,0.00,-3 112.12
2025.07.26 7:22:29,1209432495,BTCUSD,buy,0.01,117405.90,116705.90,118405.90,2025.07.26 8:16:46,117386.66,0.00,0.00,-3 112.12
2025.07.26 7:22:39,1209432551,BTCUSD,buy,0.01,117405.90,116705.90,118405.90,2025.07.26 8:16:46,117386.66,0.00,0.00,-3 112.12
2025.07.26 7:22:49,1209432607,BTCUSD,buy,0.01,117405.90,116705.90,118405.90,2025.07.26 8:16:46,117386.66,0.00,0.00,-3 112.12
2025.07.26 7:22:59,1209432663,BTCUSD,buy,0.01,117405.90,116705.90,118405.90,2025.07.26 8:16:46,117386.66,0.00,0.00,-3 112.12
2025.07.26 7:23:09,1209432718,BTCUSD,buy,0.01,117405.90,116705.90,118405.90,2025.07.26 8:16:46,117386.66,0.00,0.00,-3 112.12
2025.07.26 7:23:19,1209432774,BTCUSD,buy,0.01,117405.90,116705.90,118405.90,2025.07.26 8:16:46,117386.66,0.00,0.00,-3 112.12
2025.07.26 7:23:29,1209432831,BTCUSD,buy,0.01,117405.90,116705.90,118405.90,2025.07.26 8:16:46,117386.66,0.00,0.00,-3 112.12
2025.07.26 7:23:39,1209432887,BTCUSD,buy,0.01,117405.90,116705.90,118405.90,2025.07.26 8:16:46,117386.66,0.00,0.00,-3 112.12
2025.07.26 7:23:49,1209432943,BTCUSD,buy,0.01,117405.90,116705.90,118405.90,2025.07.26 8:16:46,117386.66,0.00,0.00,-3 112.12
2025.07.26 7:23:59,1209432999,BTCUSD,buy,0.01,117405.90,116705.90,118405.90,2025.07.26 8:16:46,117386.66,0.00,0.00,-3 112.12
2025.07.26 7:24:09,1209433055,BTCUSD,buy,0.01,117405.90,116705.90,118405.90,2025.07.26 8:16:46,117386.66,0.00,0.00,-3 112.12
2025.07.26 7:24:19,1209433112,BTCUSD,buy,0.01,117405.90,116705.90,118405.90,2025.07.26 8:16:46,117386.66,0.00,0.00,-3 112.12
2025.07.26 7:24:29,1209433168,BTCUSD,buy,0.01,117405.90,116705.90,118405.90,2025.07.26 8:16:46,117386.66,0.00,0.00,-3 112.12
2025.07.26 7:24:39,1209433224,BTCUSD,buy,0.01,117405.90,116705.90,118405.90,2025.07.26 8:16:46,117386.66,0.00,0.00,-3 112.12
2025.07.26 7:24:49,1209433280,BTCUSD,buy,0.01,117405.90,116705.90,118405.90,2025.07.26 8:16:46,117386.66,0.00,0.00,-3 112.12
2025.07.26 7:24:59,1209433336,BTCUSD,buy,0.01,117405.90,116705.90,118405.90,2025.07.26 8:16:46,117386.66,0.00,0.00,-3 112.12
2025.07.26 7:25:09,1209433393,BTCUSD,buy,0.01,117405.90,116705.90,118405.90,2025.07.26 8:16:46,117386.66,0.00,0.00,-3 112.12
2025.07.26 7:25:19,1209433449,BTCUSD,buy,0.01,117405.90,116705.90,118405.90,2025.07.26 8:16:46,117386.66,0.00,0.00,-3 112.12
2025.07.26 7:25:29,1209433504,BTCUSD,buy,0.01,117405.90,116705.90,118405.90,2025.07.26 8:16:46,117386.66,0.00,0.00,-3 112.12
2025.07.26 7:25:39,1209433560,BTCUSD,buy,0.01,117405.90,116705.90,118405.90,2025.07.26 8:16:46,117386.66,0.00,0.00,-3 112.12
2025.07.26 7:25:49,1209433616,BTCUSD,buy,0.01,117405.90,116705.90,118405.90,2025.07.26 8:16:46,117386.66,0.00,0.00,-3 112.12
2025.07.26 7:25:59,1209433672,BTCUSD,buy,0.01,117405.90,116705.90,118405.90,2025.07.26 8:16:46,117386.66,0.00,0.00,-3 112.12
2025.07.26 7:26:09,1209433728,BTCUSD,buy,0.01,117405.90,116705.90,118405.90,2025.07.26 8:16:46,117386.66,0.00,0.00,-3 112.12
2025.07.26 7:26:19,1209433784,BTCUSD,buy,0.01,117405.90,116705.90,118405.90,2025.07.26 8:16:46,117386.66,0.00,0.00,-3 112.12
2025.07.26 7:26:29,1209433840,BTCUSD,buy,0.01,117405.90,116705.90,118405.90,2025.07.26 8:16:46,117386.66,0.00,0.00,-3 112.12
2025.07.26 7:26:39,1209433896,BTCUSD,buy,0.01,117405.90,116705.90,118405.90,2025.07.26 8:16:46,117386.66,0.00,0.00,-3 112.12
2025.07.26 7:26:49,1209433952,BTCUSD,buy,0.01,117405.90,116705.90,118405.90,2025.07.26 8:16:46,117386.66,0.00,0.00,-3 112.12
2025.07.26 7:26:59,1209434008,BTCUSD,buy,0.01,117405.90,116705.90,118405.90,2025.07.26 8:16:46,117386.66,0.00,0.00,-3 112.12
2025.07.26 7:27:09,1209434064,BTCUSD,buy,0.01,117405.90,116705.90,118405.90,2025.07.26 8:16:46,117386.66,0.00,0.00,-3 112.12
2025.07.26 7:27:19,1209434120,BTCUSD,buy,0.01,117405.90,116705.90,118405.90,2025.07.26 8:16:46,117386.66,0.00,0.00,-3 112.12
2025.07.26 7:27:29,1209434176,BTCUSD,buy,0.01,117405.90,116705.90,118405.90,2025.07.26 8:16:46,117386.66,0.00,0.00,-3 112.12
2025.07.26 7:27:39,1209434232,BTCUSD,buy,0.01,117405.90,116705.90,118405.90,2025.07.26 8:16:46,117386.66,0.00,0.00,-3 112.12
2025.07.26 7:27:49,1209434288,BTCUSD,buy,0.01,117405.90,116705.90,118405.90,2025.07.26 8:16:46,117386.66,0.00,0.00,-3 112.12
2025.07.26 7:27:59,1209434344,BTCUSD,buy,0.01,117405.90,116705.90,118405.90,2025.07.26 8:16:46,117386.66,0.00,0.00,-3 112.12
2025.07.26 7:28:09,1209434400,BTCUSD,buy,0.01,117405.90,116705.90,118405.90,2025.07.26 8:16:46,117386.66,0.00,0.00,-3 112.12
2025.07.26 7:28:19,1209434456,BTCUSD,buy,0.01,117405.90,116705.90,118405.90,2025.07.26 8:16:46,117386.66,0.00,0.00,-3 112.12
2025.07.26 7:28:29,1209434512,BTCUSD,buy,0.01,117405.90,116705.90,118405.90,2025.07.26 8:16:46,117386.66,0.00,0.00,-3 112.12
2025.07.26 7:28:39,1209434568,BTCUSD,buy,0.01,117405.90,116705.90,118405.90,2025.07.26 8:16:46,117386.66,0.00,0.00,-3 112.12
2025.07.26 7:28:49,1209434624,BTCUSD,buy,0.01,117405.90,116705.90,118405.90,2025.07.26 8:16:46,117386.66,0.00,0.00,-3 112.12
2025.07.26 7:28:59,1209434680,BTCUSD,buy,0.01,117405.90,116705.90,118405.90,2025.07.26 8:16:46,117386.66,0.00,0.00,-3 112.12
2025.07.26 7:29:09,1209434736,BTCUSD,buy,0.01,117405.90,116705.90,118405.90,2025.07.26 8:16:46,117386.66,0.00,0.00,-3 112.12
2025.07.26 7:29:19,1209434792,BTCUSD,buy,0.01,117405.90,116705.90,118405.90,2025.07.26 8:16:46,117386.66,0.00,0.00,-3 112.12
2025.07.26 7:29:29,1209434848,BTCUSD,buy,0.01,117405.90,116705.90,118405.90,2025.07.26 8:16:46,117386.66,0.00,0.00,-3 112.12
2025.07.26 7:29:39,1209434904,BTCUSD,buy,0.01,117405.90,116705.90,118405.90,2025.07.26 8:16:46,117386.66,0.00,0.00,-3 112.12
2025.07.26 7:29:49,1209434960,BTCUSD,buy,0.01,117405.90,116705.90,118405.90,2025.07.26 8:16:46,117386.66,0.00,0.00,-3 112.12
2025.07.26 7:29:59,1209435016,BTCUSD,buy,0.01,117405.90,116705.90,118405.90,2025.07.26 8:16:46,117386.66,0.00,0.00,-3 112.12
2025.07.26 7:30:09,1209435072,BTCUSD,buy,0.01,117405.90,116705.90,118405.90,2025.07.26 8:16:46,117386.66,0.00,0.00,-3 112.12
2025.07.26 7:30:19,1209435128,BTCUSD,buy,0.01,117405.90,116705.90,118405.90,2025.07.26 8:16:46,117386.66,0.00,0.00,-3 112.12
2025.07.26 7:30:29,1209435184,BTCUSD,buy,0.01,117405.90,116705.90,118405.90,2025.07.26 8:16:46,117386.66,0.00,0.00,-3 112.12
2025.07.26 7:30:39,1209435240,BTCUSD,buy,0.01,117405.90,116705.90,118405.90,2025.07.26 8:16:46,117386.66,0.00,0.00,-3 112.12
2025.07.26 7:30:49,1209435296,BTCUSD,buy,0.01,117405.90,116705.90,118405.90,2025.07.26 8:16:46,117386.66,0.00,0.00,-3 112.12
2025.07.26 7:30:59,1209435352,BTCUSD,buy,0.01,117405.90,116705.90,118405.90,2025.07.26 8:16:46,117386.66,0.00,0.00,-3 112.12
2025.07.26 7:31:09,1209435408,BTCUSD,buy,0.01,117405.90,116705.90,118405.90,2025.07.26 8:16:46,117386.66,0.00,0.00,-3 112.12
2025.07.26 7:31:19,1209435464,BTCUSD,buy,0.01,117405.90,116705.90,118405.90,2025.07.26 8:16:46,117386.66,0.00,0.00,-3 112.12
2025.07.26 7:31:29,1209435520,BTCUSD,buy,0.01,117405.90,116705.90,118405.90,2025.07.26 8:16:46,117386.66,0.00,0.00,-3 112.12
2025.07.26 7:31:39,1209435576,BTCUSD,buy,0.01,117405.90,116705.90,118405.90,2025.07.26 8:16:46,117386.66,0.00,0.00,-3 112.12
2025.07.26 7:31:49,1209435632,BTCUSD,buy,0.01,117405.90,116705.90,118405.90,2025.07.26 8:16:46,117386.66,0.00,0.00,-3 112.12
2025.07.26 7:31:59,1209435688,BTCUSD,buy,0.01,117405.90,116705.90,118405.90,2025.07.26 8:16:46,117386.66,0.00,0.00,-3 112.12
2025.07.26 7:32:09,1209435744,BTCUSD,buy,0.01,117405.90,116705.90,118405.90,2025.07.26 8:16:46,117386.66,0.00,0.00,-3 112.12
2025.07.26 7:32:19,1209435800,BTCUSD,buy,0.01,117405.90,116705.90,118405.90,2025.07.26 8:16:46,117386.66,0.00,0.00,-3 112.12
2025.07.26 7:32:29,1209435856,BTCUSD,buy,0.01,117405.90,116705.90,118405.90,2025.07.26 8:16:46,117386.66,0.00,0.00,-3 112.12
2025.07.26 7:32:39,1209435912,BTCUSD,buy,0.01,117405.90,116705.90,118405.90,2025.07.26 8:16:46,117386.66,0.00,0.00,-3 112.12
2025.07.26 7:32:49,1209435968,BTCUSD,buy,0.01,117405.90,116705.90,118405.90,2025.07.26 8:16:46,117386.66,0.00,0.00,-3 112.12
2025.07.26 7:32:59,1209436024,BTCUSD,buy,0.01,117405.90,116705.90,118405.90,2025.07.26 8:16:46,117386.66,0.00,0.00,-3 112.12
2025.07.26 7:33:09,1209436080,BTCUSD,buy,0.01,117405.90,116705.90,118405.90,2025.07.26 8:16:46,117386.66,0.00,0.00,-3 112.12
2025.07.26 7:33:19,1209436136,BTCUSD,buy,0.01,117405.90,116705.90,118405.90,2025.07.26 8:16:46,117386.66,0.00,0.00,-3 112.12
2025.07.26 7:33:29,1209436192,BTCUSD,buy,0.01,117405.90,116705.90,118405.90,2025.07.26 8:16:46,117386.66,0.00,0.00,-3 112.12
2025.07.26 7:33:39,1209436248,BTCUSD,buy,0.01,117405.90,116705.90,118405.90,2025.07.26 8:16:46,117386.66,0.00,0.00,-3 112.12
2025.07.26 7:33:49,1209436304,BTCUSD,buy,0.01,117405.90,116705.90,118405.90,2025.07.26 8:16:46,117386.66,0.00,0.00,-3 112.12
2025.07.26 7:33:59,1209436360,BTCUSD,buy,0.01,117405.90,116705.90,118405.90,2025.07.26 8:16:46,117386.66,0.00,0.00,-3 112.12
2025.07.26 7:34:09,1209436416,BTCUSD,buy,0.01,117405.90,116705.90,118405.90,2025.07.26 8:16:46,117386.66,0.00,0.00,-3 112.12
2025.07.26 7:34:19,1209436472,BTCUSD,buy,0.01,117405.90,116705.90,118405.90,2025.07.26 8:16:46,117386.66,0.00,0.00,-3 112.12
2025.07.26 7:34:29,1209436528,BTCUSD,buy,0.01,117405.90,116705.90,118405.90,2025.07.26 8:16:46,117386.66,0.00,0.00,-3 112.12
2025.07.26 7:34:39,1209436584,BTCUSD,buy,0.01,117405.90,116705.90,118405.90,2025.07.26 8:16:46,117386.66,0.00,0.00,-3 112.12
2025.07.26 7:34:49,1209436640,BTCUSD,buy,0.01,117405.90,116705.90,118405.90,2025.07.26 8:16:46,117386.66,0.00,0.00,-3 112.12
2025.07.26 7:34:59,1209436696,BTCUSD,buy,0.01,117405.90,116705.90,118405.90,2025.07.26 8:16:46,117386.66,0.00,0.00,-3 112.12
2025.07.26 7:35:09,1209436752,BTCUSD,buy,0.01,117405.90,116705.90,118405.90,2025.07.26 8:16:46,117386.66,0.00,0.00,-3 112.12
2025.07.26 7:35:19,1209436808,BTCUSD,buy,0.01,117405.90,116705.90,118405.90,2025.07.26 8:16:46,117386.66,0.00,0.00,-3 112.12
2025.07.26 7:35:29,1209436864,BTCUSD,buy,0.01,117405.90,116705.90,118405.90,2025.07.26 8:16:46,117386.66,0.00,0.00,-3 112.12
2025.07.26 7:35:39,1209436920,BTCUSD,buy,0.01,117405.90,116705.90,118405.90,2025.07.26 8:16:46,117386.66,0.00,0.00,-3 112.12
2025.07.26 7:35:49,1209436976,BTCUSD,buy,0.01,117405.90,116705.90,118405.90,2025.07.26 8:16:46,117386.66,0.00,0.00,-3 112.12
2025.07.26 7:35:59,1209437032,BTCUSD,buy,0.01,117405.90,116705.90,118405.90,2025.07.26 8:16:46,117386.66,0.00,0.00,-3 112.12
2025.07.26 7:36:09,1209437088,BTCUSD,buy,0.01,117405.90,116705.90,118405.90,2025.07.26 8:16:46,117386.66,0.00,0.00,-3 112.12
2025.07.26 7:36:19,1209437144,BTCUSD,buy,0.01,117405.90,116705.90,118405.90,2025.07.26 8:16:46,117386.66,0.00,0.00,-3 112.12
2025.07.26 7:36:29,1209437200,BTCUSD,buy,0.01,117405.90,116705.90,118405.90,2025.07.26 8:16:46,117386.66,0.00,0.00,-3 112.12
2025.07.26 7:36:39,1209437256,BTCUSD,buy,0.01,117405.90,116705.90,118405.90,2025.07.26 8:16:46,117386.66,0.00,0.00,-3 112.12
2025.07.26 7:36:49,1209437312,BTCUSD,buy,0.01,117405.90,116705.90,118405.90,2025.07.26 8:16:46,117386.66,0.00,0.00,-3 112.12
2025.07.26 7:36:59,1209437368,BTCUSD,buy,0.01,117405.90,116705.90,118405.90,2025.07.26 8:16:46,117386.66,0.00,0.00,-3 112.12
2025.07.26 7:37:09,1209437424,BTCUSD,buy,0.01,117405.90,116705.90,118405.90,2025.07.26 8:16:46,117386.66,0.00,0.00,-3 112.12
2025.07.26 7:37:19,1209437480,BTCUSD,buy,0.01,117405.90,116705.90,118405.90,2025.07.26 8:16:46,117386.66,0.00,0.00,-3 112.12
2025.07.26 7:37:29,1209437536,BTCUSD,buy,0.01,117405.90,116705.90,118405.90,2025.07.26 8:16:46,117386.66,0.00,0.00,-3 112.12
2025.07.26 7:37:39,1209437592,BTCUSD,buy,0.01,117405.90,116705.90,118405.90,2025.07.26 8:16:46,117386.66,0.00,0.00,-3 112.12
2025.07.26 7:37:49,1209437648,BTCUSD,buy,0.01,117405.90,116705.90,118405.90,2025.07.26 8:16:46,117386.66,0.00,0.00,-3 112.12
2025.07.26 7:37:59,1209437704,BTCUSD,buy,0.01,117405.90,116705.90,118405.90,2025.07.26 8:16:46,117386.66,0.00,0.00,-3 112.12
2025.07.26 7:38:09,1209437760,BTCUSD,buy,0.01,117405.90,116705.90,118405.90,2025.07.26 8:16:46,117386.66,0.00,0.00,-3 112.12
2025.07.26 7:38:19,1209437816,BTCUSD,buy,0.01,117405.90,116705.90,118405.90,2025.07.26 8:16:46,117386.66,0.00,0.00,-3 112.12
2025.07.26 7:38:29,1209437872,BTCUSD,buy,0.01,117405.90,116705.90,118405.90,2025.07.26 8:16:46,117386.66,0.00,0.00,-3 112.12
2025.07.26 7:38:39,1209437928,BTCUSD,buy,0.01,117405.90,116705.90,118405.90,2025.07.26 8:16:46,117386.66,0.00,0.00,-3 112.12
2025.07.26 7:38:49,1209437984,BTCUSD,buy,0.01,117405.90,116705.90,118405.90,2025.07.26 8:16:46,117386.66,0.00,0.00,-3 112.12
2025.07.26 7:38:59,1209438040,BTCUSD,buy,0.01,117405.90,116705.90,118405.90,2025.07.26 8:16:46,117386.66,0.00,0.00,-3 112.12
2025.07.26 7:39:09,1209438096,BTCUSD,buy,0.01,117405.90,116705.90,118405.90,2025.07.26 8:16:46,117386.66,0.00,0.00,-3 112.12
2025.07.26 7:39:19,1209438152,BTCUSD,buy,0.01,117405.90,116705.90,118405.90,2025.07.26 8:16:46,117386.66,0.00,0.00,-3 112.12
2025.07.26 7:39:29,1209438208,BTCUSD,buy,0.01,117405.90,116705.90,118405.90,2025.07.26 8:16:46,117386.66,0.00,0.00,-3 112.12
2025.07.26 7:39:39,1209438264,BTCUSD,buy,0.01,117405.90,116705.90,118405.90,2025.07.26 8:16:46,117386.66,0.00,0.00,-3 112.12
2025.07.26 7:39:49,1209438320,BTCUSD,buy,0.01,117405.90,116705.90,118405.90,2025.07.26 8:16:46,117386.66,0.00,0.00,-3 112.12
2025.07.26 7:39:59,1209438376,BTCUSD,buy,0.01,117405.90,116705.90,118405.90,2025.07.26 8:16:46,117386.66,0.00,0.00,-3 112.12
2025.07.26 7:40:09,1209438432,BTCUSD,buy,0.01,117405.90,116705.90,118405.90,2025.07.26 8:16:46,117386.66,0.00,0.00,-3 112.12
2025.07.26 7:40:19,1209438488,BTCUSD,buy,0.01,117405.90,116705.90,118405.90,2025.07.26 8:16:46,117386.66,0.00,0.00,-3 112.12
2025.07.26 7:40:29,1209438544,BTCUSD,buy,0.01,117405.90,116705.90,118405.90,2025.07.26 8:16:46,117386.66,0.00,0.00,-3 112.12
2025.07.26 7:40:39,1209438600,BTCUSD,buy,0.01,117405.90,116705.90,118405.90,2025.07.26 8:16:46,117386.66,0.00,0.00,-3 112.12
2025.07.26 7:40:49,1209438656,BTCUSD,buy,0.01,117405.90,116705.90,118405.90,2025.07.26 8:16:46,117386.66,0.00,0.00,-3 112.12
2025.07.26 7:40:59,1209438712,BTCUSD,buy,0.01,117405.90,116705.90,118405.90,2025.07.26 8:16:46,117386.66,0.00,0.00,-3 112.12
2025.07.26 7:41:09,1209438768,BTCUSD,buy,0.01,117405.90,116705.90,118405.90,2025.07.26 8:16:46,117386.66,0.00,0.00,-3 112.12
2025.07.26 7:41:19,1209438824,BTCUSD,buy,0.01,117405.90,116705.90,118405.90,2025.07.26 8:16:46,117386.66,0.00,0.00,-3 112.12
2025.07.26 7:41:29,1209438880,BTCUSD,buy,0.01,117405.90,116705.90,118405.90,2025.07.26 8:16:46,117386.66,0.00,0.00,-3 112.12
2025.07.26 7:41:39,1209438936,BTCUSD,buy,0.01,117405.90,116705.90,118405.90,2025.07.26 8:16:46,117386.66,0.00,0.00,-3 112.12
2025.07.26 7:41:49,1209438992,BTCUSD,buy,0.01,117405.90,116705.90,118405.90,2025.07.26 8:16:46,117386.66,0.00,0.00,-3 112.12
2025.07.26 7:41:59,1209439048,BTCUSD,buy,0.01,117405.90,116705.90,118405.90,2025.07.26 8:16:46,117386.66,0.00,0.00,-3 112.12
2025.07.26 7:42:09,1209439104,BTCUSD,buy,0.01,117405.90,116705.90,118405.90,2025.07.26 8:16:46,117386.66,0.00,0.00,-3 112.12
2025.07.26 7:42:19,1209439160,BTCUSD,buy,0.01,117405.90,116705.90,118405.90,2025.07.26 8:16:46,117386.66,0.00,0.00,-3 112.12
2025.07.26 7:42:29,1209439216,BTCUSD,buy,0.01,117405.90,116705.90,118405.90,2025.07.26 8:16:46,117386.66,0.00,0.00,-3 112.12
2025.07.26 7:42:39,1209439272,BTCUSD,buy,0.01,117405.90,116705.90,118405.90,2025.07.26 8:16:46,117386.66,0.00,0.00,-3 112.12
2025.07.26 7:42:49,1209439328,BTCUSD,buy,0.01,117405.90,116705.90,118405.90,2025.07.26 8:16:46,117386.66,0.00,0.00,-3 112.12
2025.07.26 7:42:59,1209439384,BTCUSD,buy,0.01,117405.90,116705.90,118405.90,2025.07.26 8:16:46,117386.66,0.00,0.00,-3 112.12
2025.07.26 7:43:09,1209439440,BTCUSD,buy,0.01,117405.90,116705.90,118405.90,2025.07.26 8:16:46,117386.66,0.00,0.00,-3 112.12
2025.07.26 7:43:19,1209439496,BTCUSD,buy,0.01,117405.90,116705.90,118405.90,2025.07.26 8:16:46,117386.66,0.00,0.00,-3 112.12
2025.07.26 7:43:29,1209439552,BTCUSD,buy,0.01,117405.90,116705.90,118405.90,2025.07.26 8:16:46,117386.66,0.00,0.00,-3 112.12
2025.07.26 7:43:39,1209439608,BTCUSD,buy,0.01,117405.90,116705.90,118405.90,2025.07.26 8:16:46,117386.66,0.00,0.00,-3 112.12
2025.07.26 7:43:49,1209439664,BTCUSD,buy,0.01,117405.90,116705.90,118405.90,2025.07.26 8:16:46,117386.66,0.00,0.00,-3 112.12
2025.07.26 7:43:59,1209439720,BTCUSD,buy,0.01,117405.90,116705.90,118405.90,2025.07.26 8:16:46,117386.66,0.00,0.00,-3 112.12
2025.07.26 7:44:09,1209439776,BTCUSD,buy,0.01,117405.90,116705.90,118405.90,2025.07.26 8:16:46,117386.66,0.00,0.00,-3 112.12
2025.07.26 7:44:19,1209439832,BTCUSD,buy,0.01,117405.90,116705.90,118405.90,2025.07.26 8:16:46,117386.66,0.00,0.00,-3 112.12
2025.07.26 7:44:29,1209439888,BTCUSD,buy,0.01,117405.90,116705.90,118405.90,2025.07.26 8:16:46,117386.66,0.00,0.00,-3 112.12
2025.07.26 7:44:39,1209439944,BTCUSD,buy,0.01,117405.90,116705.90,118405.90,2025.07.26 8:16:46,117386.66,0.00,0.00,-3 112.12
2025.07.26 7:44:49,1209440000,BTCUSD,buy,0.01,117405.90,116705.90,118405.90,2025.07.26 8:16:46,117386.66,0.00,0.00,-3 112.12
2025.07.26 7:44:59,1209440056,BTCUSD,buy,0.01,117405.90,116705.90,118405.90,2025.07.26 8:16:46,117386.66,0.00,0.00,-3 112.12
2025.07.26 7:45:09,1209440112,BTCUSD,buy,0.01,117405.90,116705.90,118405.90,2025.07.26 8:16:46,117386.66,0.00,0.00,-3 112.12
2025.07.26 7:45:19,1209440168,BTCUSD,buy,0.01,117405.90,116705.90,118405.90,2025.07.26 8:16:46,117386.66,0.00,0.00,-3 112.12
2025.07.26 7:45:29,1209440224,BTCUSD,buy,0.01,117405.90,116705.90,118405.90,2025.07.26 8:16:46,117386.66,0.00,0.00,-3 112.12
2025.07.26 7:45:39,1209440280,BTCUSD,buy,0.01,117405.90,116705.90,118405.90,2025.07.26 8:16:46,117386.66,0.00,0.00,-3 112.12
2025.07.26 7:45:49,1209440336,BTCUSD,buy,0.01,117405.90,116705.90,118405.90,2025.07.26 8:16:46,117386.66,0.00,0.00,-3 112.12
2025.07.26 7:45:59,1209440392,BTCUSD,buy,0.01,117405.90,116705.90,118405.90,2025.07.26 8:16:46,117386.66,0.00,0.00,-3 112.12
2025.07.26 7:46:09,1209440448,BTCUSD,buy,0.01,117405.90,116705.90,118405.90,2025.07.26 8:16:46,117386.66,0.00,0.00,-3 112.12
2025.07.26 7:46:19,1209440504,BTCUSD,buy,0.01,117405.90,116705.90,118405.90,2025.07.26 8:16:46,117386.66,0.00,0.00,-3 112.12
2025.07.26 7:46:29,1209440560,BTCUSD,buy,0.01,117405.90,116705.90,118405.90,2025.07.26 8:16:46,117386.66,0.00,0.00,-3 112.12
2025.07.26 7:46:39,1209440616,BTCUSD,buy,0.01,117405.90,116705.90,118405.90,2025.07.26 8:16:46,117386.66,0.00,0.00,-3 112.12
2025.07.26 7:46:49,1209440672,BTCUSD,buy,0.01,117405.90,116705.90,118405.90,2025.07.26 8:16:46,117386.66,0.00,0.00,-3 112.12
2025.07.26 7:46:59,1209440728,BTCUSD,buy,0.01,117405.90,116705.90,118405.90,2025.07.26 8:16:46,117386.66,0.00,0.00,-3 112.12
2025.07.26 7:47:09,1209440784,BTCUSD,buy,0.01,117405.90,116705.90,118405.90,2025.07.26 8:16:46,117386.66,0.00,0.00,-3 112.12
2025.07.26 7:47:19,1209440840,BTCUSD,buy,0.01,117405.90,116705.90,118405.90,2025.07.26 8:16:46,117386.66,0.00,0.00,-3 112.12
2025.07.26 7:47:29,1209440896,BTCUSD,buy,0.01,117405.90,116705.90,118405.90,2025.07.26 8:16:46,117386.66,0.00,0.00,-3 112.12
2025.07.26 7:47:39,1209440952,BTCUSD,buy,0.01,117405.90,116705.90,118405.90,2025.07.26 8:16:46,117386.66,0.00,0.00,-3 112.12
2025.07.26 7:47:49,1209441008,BTCUSD,buy,0.01,117405.90,116705.90,118405.90,2025.07.26 8:16:46,117386.66,0.00,0.00,-3 112.12
2025.07.26 7:47:59,1209441064,BTCUSD,buy,0.01,117405.90,116705.90,118405.90,2025.07.26 8:16:46,117386.66,0.00,0.00,-3 112.12
2025.07.26 7:48:09,1209441120,BTCUSD,buy,0.01,117405.90,116705.90,118405.90,2025.07.26 8:16:46,117386.66,0.00,0.00,-3 112.12
2025.07.26 7:48:19,1209441176,BTCUSD,buy,0.01,117405.90,116705.90,118405.90,2025.07.26 8:16:46,117386.66,0.00,0.00,-3 112.12
2025.07.26 7:48:29,1209441232,BTCUSD,buy,0.01,117405.90,116705.90,118405.90,2025.07.26 8:16:46,117386.66,0.00,0.00,-3 112.12
2025.07.26 7:48:39,1209441288,BTCUSD,buy,0.01,117405.90,116705.90,118405.90,2025.07.26 8:16:46,117386.66,0.00,0.00,-3 112.12
2025.07.26 7:48:49,1209441344,BTCUSD,buy,0.01,117405.90,116705.90,118405.90,2025.07.26 8:16:46,117386.66,0.00,0.00,-3 112.12
2025.07.26 7:48:59,1209441400,BTCUSD,buy,0.01,117405.90,116705.90,118405.90,2025.07.26 8:16:46,117386.66,0.00,0.00,-3 112.12
2025.07.26 7:49:09,1209441456,BTCUSD,buy,0.01,117405.90,116705.90,118405.90,2025.07.26 8:16:46,117386.66,0.00,0.00,-3 112.12
2025.07.26 7:49:19,1209441512,BTCUSD,buy,0.01,117405.90,116705.90,118405.90,2025.07.26 8:16:46,117386.66,0.00,0.00,-3 112.12
2025.07.26 7:49:29,1209441568,BTCUSD,buy,0.01,117405.90,116705.90,118405.90,2025.07.26 8:16:46,117386.66,0.00,0.00,-3 112.12
2025.07.26 7:49:39,1209441624,BTCUSD,buy,0.01,117405.90,116705.90,118405.90,2025.07.26 8:16:46,117386.66,0.00,0.00,-3 112.12
2025.07.26 7:49:49,1209441680,BTCUSD,buy,0.01,117405.90,116705.90,118405.90,2025.07.26 8:16:46,117386.66,0.00,0.00,-3 112.12
2025.07.26 7:49:59,1209441736,BTCUSD,buy,0.01,117405.90,116705.90,118405.90,2025.07.26 8:16:46,117386.66,0.00,0.00,-3 112.12
2025.07.26 7:50:09,1209441792,BTCUSD,buy,0.01,117405.90,116705.90,118405.90,2025.07.26 8:16:46,117386.66,0.00,0.00,-3 112.12
2025.07.26 7:50:19,1209441848,BTCUSD,buy,0.01,117405.90,116705.90,118405.90,2025.07.26 8:16:46,117386.66,0.00,0.00,-3 112.12
2025.07.26 7:50:29,1209441904,BTCUSD,buy,0.01,117405.90,116705.90,118405.90,2025.07.26 8:16:46,117386.66,0.00,0.00,-3 112.12
2025.07.26 7:50:39,1209441960,BTCUSD,buy,0.01,117405.90,116705.90,118405.90,2025.07.26 8:16:46,117386.66,0.00,0.00,-3 112.12
2025.07.26 7:50:49,1209442016,BTCUSD,buy,0.01,117405.90,116705.90,118405.90,2025.07.26 8:16:46,117386.66,0.00,0.00,-3 112.12
2025.07.26 7:50:59,1209442072,BTCUSD,buy,0.01,117405.90,116705.90,118405.90,2025.07.26 8:16:46,117386.66,0.00,0.00,-3 112.12
2025.07.26 7:51:09,1209442128,BTCUSD,buy,0.01,117405.90,116705.90,118405.90,2025.07.26 8:16:46,117386.66,0.00,0.00,-3 112.12
2025.07.26 7:51:19,1209442184,BTCUSD,buy,0.01,117405.90,116705.90,118405.90,2025.07.26 8:16:46,117386.66,0.00,0.00,-3 112.12
2025.07.26 7:51:29,1209442240,BTCUSD,buy,0.01,117405.90,116705.90,118405.90,2025.07.26 8:16:46,117386.66,0.00,0.00,-3 112.12
2025.07.26 7:51:39,1209442296,BTCUSD,buy,0.01,117405.90,116705.90,118405.90,2025.07.26 8:16:46,117386.66,0.00,0.00,-3 112.12
2025.07.26 7:51:49,1209442352,BTCUSD,buy,0.01,117405.90,116705.90,118405.90,2025.07.26 8:16:46,117386.66,0.00,0.00,-3 112.12
2025.07.26 7:51:59,1209442408,BTCUSD,buy,0.01,117405.90,116705.90,118405.90,2025.07.26 8:16:46,117386.66,0.00,0.00,-3 112.12
2025.07.26 7:52:09,1209442464,BTCUSD,buy,0.01,117405.90,116705.90,118405.90,2025.07.26 8:16:46,117386.66,0.00,0.00,-3 112.12
2025.07.26 7:52:19,1209442520,BTCUSD,buy,0.01,117405.90,116705.90,118405.90,2025.07.26 8:16:46,117386.66,0.00,0.00,-3 112.12
2025.07.26 7:52:29,1209442576,BTCUSD,buy,0.01,117405.90,116705.90,118405.90,2025.07.26 8:16:46,117386.66,0.00,0.00,-3 112.12
2025.07.26 7:52:39,1209442632,BTCUSD,buy,0.01,117405.90,116705.90,118405.90,2025.07.26 8:16:46,117386.66,0.00,0.00,-3 112.12
2025.07.26 7:52:49,1209442688,BTCUSD,buy,0.01,117405.90,116705.90,118405.90,2025.07.26 8:16:46,117386.66,0.00,0.00,-3 112.12
2025.07.26 7:52:59,1209442744,BTCUSD,buy,0.01,117405.90,116705.90,118405.90,2025.07.26 8:16:46,117386.66,0.00,0.00,-3 112.12
2025.07.26 7:53:09,1209442800,BTCUSD,buy,0.01,117405.90,116705.90,118405.90,2025.07.26 8:16:46,117386.66,0.00,0.00,-3 112.12
2025.07.26 7:53:19,1209442856,BTCUSD,buy,0.01,117405.90,116705.90,118405.90,2025.07.26 8:16:46,117386.66,0.00,0.00,-3 112.12
2025.07.26 7:53:29,1209442912,BTCUSD,buy,0.01,117405.90,116705.90,118405.90,2025.07.26 8:16:46,117386.66,0.00,0.00,-3 112.12
2025.07.26 7:53:39,1209442968,BTCUSD,buy,0.01,117405.90,116705.90,118405.90,2025.07.26 8:16:46,117386.66,0.00,0.00,-3 112.12
2025.07.26 7:53:49,1209443024,BTCUSD,buy,0.01,117405.90,116705.90,118405.90,2025.07.26 8:16:46,117386.66,0.00,0.00,-3 112.12
2025.07.26 7:53:59,1209443080,BTCUSD,buy,0.01,117405.90,116705.90,118405.90,2025.07.26 8:16:46,117386.66,0.00,0.00,-3 112.12
2025.07.26 7:54:09,1209443136,BTCUSD,buy,0.01,117405.90,116705.90,118405.90,2025.07.26 8:16:46,117386.66,0.00,0.00,-3 112.12
2025.07.26 7:54:19,1209443192,BTCUSD,buy,0.01,117405.90,116705.90,118405.90,2025.07.26 8:16:46,117386.66,0.00,0.00,-3 112.12
2025.07.26 7:54:29,1209443248,BTCUSD,buy,0.01,117405.90,116705.90,118405.90,2025.07.26 8:16:46,117386.66,0.00,0.00,-3 112.12
2025.07.26 7:54:39,1209443304,BTCUSD,buy,0.01,117405.90,116705.90,118405.90,2025.07.26 8:16:46,117386.66,0.00,0.00,-3 112.12
2025.07.26 7:54:49,1209443360,BTCUSD,buy,0.01,117405.90,116705.90,118405.90,2025.07.26 8:16:46,117386.66,0.00,0.00,-3 112.12
2025.07.26 7:54:59,1209443416,BTCUSD,buy,0.01,117405.90,116705.90,118405.90,2025.07.26 8:16:46,117386.66,0.00,0.00,-3 112.12
2025.07.26 7:55:09,1209443472,BTCUSD,buy,0.01,117405.90,116705.90,118405.90,2025.07.26 8:16:46,117386.66,0.00,0.00,-3 112.12
2025.07.26 7:55:19,1209443528,BTCUSD,buy,0.01,117405.90,116705.90,118405.90,2025.07.26 8:16:46,117386.66,0.00,0.00,-3 112.12
2025.07.26 7:55:29,1209443584,BTCUSD,buy,0.01,117405.90,116705.90,118405.90,2025.07.26 8:16:46,117386.66,0.00,0.00,-3 112.12
2025.07.26 7:55:39,1209443640,BTCUSD,buy,0.01,117405.90,116705.90,118405.90,2025.07.26 8:16:46,117386.66,0.00,0.00,-3 112.12
2025.07.26 7:55:49,1209443696,BTCUSD,buy,0.01,117405.90,116705.90,118405.90,2025.07.26 8:16:46,117386.66,0.00,0.00,-3 112.12
2025.07.26 7:55:59,1209443752,BTCUSD,buy,0.01,117405.90,116705.90,118405.90,2025.07.26 8:16:46,117386.66,0.00,0.00,-3 112.12
2025.07.26 7:56:09,1209443808,BTCUSD,buy,0.01,117405.90,116705.90,118405.90,2025.07.26 8:16:46,117386.66,0.00,0.00,-3 112.12
2025.07.26 7:56:19,1209443864,BTCUSD,buy,0.01,117405.90,116705.90,118405.90,2025.07.26 8:16:46,117386.66,0.00,0.00,-3 112.12
2025.07.26 7:56:29,1209443920,BTCUSD,buy,0.01,117405.90,116705.90,118405.90,2025.07.26 8:16:46,117386.66,0.00,0.00,-3 112.12
2025.07.26 7:56:39,1209443976,BTCUSD,buy,0.01,117405.90,116705.90,118405.90,2025.07.26 8:16:46,117386.66,0.00,0.00,-3 112.12
2025.07.26 7:56:49,1209444032,BTCUSD,buy,0.01,117405.90,116705.90,118405.90,2025.07.26 8:16:46,117386.66,0.00,0.00,-3 112.12
2025.07.26 7:56:59,1209444088,BTCUSD,buy,0.01,117405.90,116705.90,118405.90,2025.07.26 8:16:46,117386.66,0.00,0.00,-3 112.12
2025.07.26 7:57:09,1209444144,BTCUSD,buy,0.01,117405.90,116705.90,118405.90,2025.07.26 8:16:46,117386.66,0.00,0.00,-3 112.12
2025.07.26 7:57:19,1209444200,BTCUSD,buy,0.01,117405.90,116705.90,118405.90,2025.07.26 8:16:46,117386.66,0.00,0.00,-3 112.12
2025.07.26 7:57:29,1209444256,BTCUSD,buy,0.01,117405.90,116705.90,118405.90,2025.07.26 8:16:46,117386.66,0.00,0.00,-3 112.12
2025.07.26 7:57:39,1209444312,BTCUSD,buy,0.01,117405.90,116705.90,118405.90,2025.07.26 8:16:46,117386.66,0.00,0.00,-3 112.12
2025.07.26 7:57:49,1209444368,BTCUSD,buy,0.01,117405.90,116705.90,118405.90,2025.07.26 8:16:46,117386.66,0.00,0.00,-3 112.12
2025.07.26 7:57:59,1209444424,BTCUSD,buy,0.01,117405.90,116705.90,118405.90,2025.07.26 8:16:46,117386.66,0.00,0.00,-3 112.12
2025.07.26 7:58:09,1209444480,BTCUSD,buy,0.01,117405.90,116705.90,118405.90,2025.07.26 8:16:46,117386.66,0.00,0.00,-3 112.12
2025.07.26 7:58:19,1209444536,BTCUSD,buy,0.01,117405.90,116705.90,118405.90,2025.07.26 8:16:46,117386.66,0.00,0.00,-3 112.12
2025.07.26 7:58:29,1209444592,BTCUSD,buy,0.01,117405.90,116705.90,118405.90,2025.07.26 8:16:46,117386.66,0.00,0.00,-3 112.12
2025.07.26 7:58:39,1209444648,BTCUSD,buy,0.01,117405.90,116705.90,118405.90,2025.07.26 8:16:46,117386.66,0.00,0.00,-3 112.12
2025.07.26 7:58:49,1209444704,BTCUSD,buy,0.01,117405.90,116705.90,118405.90,2025.07.26 8:16:46,117386.66,0.00,0.00,-3 112.12
2025.07.26 7:58:59,1209444760,BTCUSD,buy,0.01,117405.90,116705.90,118405.90,2025.07.26 8:16:46,117386.66,0.00,0.00,-3 112.12
2025.07.26 7:59:09,1209444816,BTCUSD,buy,0.01,117405.90,116705.90,118405.90,2025.07.26 8:16:46,117386.66,0.00,0.00,-3 112.12
2025.07.26 7:59:19,1209444872,BTCUSD,buy,0.01,117405.90,116705.90,118405.90,2025.07.26 8:16:46,117386.66,0.00,0.00,-3 112.12
2025.07.26 7:59:29,1209444928,BTCUSD,buy,0.01,117405.90,116705.90,118405.90,2025.07.26 8:16:46,117386.66,0.00,0.00,-3 112.12
2025.07.26 7:59:39,1209444984,BTCUSD,buy,0.01,117405.90,116705.90,118405.90,2025.07.26 8:16:46,117386.66,0.00,0.00,-3 112.12
2025.07.26 7:59:49,1209445040,BTCUSD,buy,0.01,117405.90,116705.90,118405.90,2025.07.26 8:16:46,117386.66,0.00,0.00,-3 112.12
2025.07.26 7:59:59,1209445096,BTCUSD,buy,0.01,117405.90,116705.90,118405.90,2025.07.26 8:16:46,117386.66,0.00,0.00,-3 112.12
2025.07.26 8:00:09,1209445152,BTCUSD,buy,0.01,117405.90,116705.90,118405.90,2025.07.26 8:16:46,117386.66,0.00,0.00,-3 112.12
2025.07.26 8:00:19,1209445208,BTCUSD,buy,0.01,117405.90,116705.90,118405.90,2025.07.26 8:16:46,117386.66,0.00,0.00,-3 112.12
2025.07.26 8:00:29,1209445264,BTCUSD,buy,0.01,117405.90,116705.90,118405.90,2025.07.26 8:16:46,117386.66,0.00,0.00,-3 112.12
2025.07.26 8:00:39,1209445320,BTCUSD,buy,0.01,117405.90,116705.90,118405.90,2025.07.26 8:16:46,117386.66,0.00,0.00,-3 112.12
2025.07.26 8:00:49,1209445376,BTCUSD,buy,0.01,117405.90,116705.90,118405.90,2025.07.26 8:16:46,117386.66,0.00,0.00,-3 112.12
2025.07.26 8:00:59,1209445432,BTCUSD,buy,0.01,117405.90,116705.90,118405.90,2025.07.26 8:16:46,117386.66,0.00,0.00,-3 112.12
2025.07.26 8:01:09,1209445488,BTCUSD,buy,0.01,117405.90,116705.90,118405.90,2025.07.26 8:16:46,117386.66,0.00,0.00,-3 112.12
2025.07.26 8:01:19,1209445544,BTCUSD,buy,0.01,117405.90,116705.90,118405.90,2025.07.26 8:16:46,117386.66,0.00,0.00,-3 112.12
2025.07.26 8:01:29,1209445600,BTCUSD,buy,0.01,117405.90,116705.90,118405.90,2025.07.26 8:16:46,117386.66,0.00,0.00,-3 112.12
2025.07.26 8:01:39,1209445656,BTCUSD,buy,0.01,117405.90,116705.90,118405.90,2025.07.26 8:16:46,117386.66,0.00,0.00,-3 112.12
2025.07.26 8:01:49,1209445712,BTCUSD,buy,0.01,117405.90,116705.90,118405.90,2025.07.26 8:16:46,117386.66,0.00,0.00,-3 112.12
2025.07.26 8:01:59,1209445768,BTCUSD,buy,0.01,117405.90,116705.90,118405.90,2025.07.26 8:16:46,117386.66,0.00,0.00,-3 112.12
2025.07.26 8:02:09,1209445824,BTCUSD,buy,0.01,117405.90,116705.90,118405.90,2025.07.26 8:16:46,117386.66,0.00,0.00,-3 112.12
2025.07.26 8:02:19,1209445880,BTCUSD,buy,0.01,117405.90,116705.90,118405.90,2025.07.26 8:16:46,117386.66,0.00,0.00,-3 112.12
2025.07.26 8:02:29,1209445936,BTCUSD,buy,0.01,117405.90,116705.90,118405.90,2025.07.26 8:16:46,117386.66,0.00,0.00,-3 112.12
2025.07.26 8:02:39,1209445992,BTCUSD,buy,0.01,117405.90,116705.90,118405.90,2025.07.26 8:16:46,117386.66,0.00,0.00,-3 112.12
2025.07.26 8:02:49,1209446048,BTCUSD,buy,0.01,117405.90,116705.90,118405.90,2025.07.26 8:16:46,117386.66,0.00,0.00,-3 112.12
2025.07.26 8:02:59,1209446104,BTCUSD,buy,0.01,117405.90,116705.90,118405.90,2025.07.26 8:16:46,117386.66,0.00,0.00,-3 112.12
2025.07.26 8:03:09,1209446160,BTCUSD,buy,0.01,117405.90,116705.90,118405.90,2025.07.26 8:16:46,117386.66,0.00,0.00,-3 112.12
2025.07.26 8:03:19,1209446216,BTCUSD,buy,0.01,117405.90,116705.90,118405.90,2025.07.26 8:16:46,117386.66,0.00,0.00,-3 112.12
2025.07.26 8:03:29,1209446272,BTCUSD,buy,0.01,117405.90,116705.90,118405.90,2025.07.26 8:16:46,117386.66,0.00,0.00,-3 112.12
2025.07.26 8:03:39,1209446328,BTCUSD,buy,0.01,117405.90,116705.90,118405.90,2025.07.26 8:16:46,117386.66,0.00,0.00,-3 112.12
2025.07.26 8:03:49,1209446384,BTCUSD,buy,0.01,117405.90,116705.90,118405.90,2025.07.26 8:16:46,117386.66,0.00,0.00,-3 112.12
2025.07.26 8:03:59,1209446440,BTCUSD,buy,0.01,117405.90,116705.90,118405.90,2025.07.26 8:16:46,117386.66,0.00,0.00,-3 112.12
2025.07.26 8:04:09,1209446496,BTCUSD,buy,0.01,117405.90,116705.90,118405.90,2025.07.26 8:16:46,117386.66,0.00,0.00,-3 112.12
2025.07.26 8:04:19,1209446552,BTCUSD,buy,0.01,117405.90,116705.90,118405.90,2025.07.26 8:16:46,117386.66,0.00,0.00,-3 112.12
2025.07.26 8:04:29,1209446608,BTCUSD,buy,0.01,117405.90,116705.90,118405.90,2025.07.26 8:16:46,117386.66,0.00,0.00,-3 112.12
2025.07.26 8:04:39,1209446664,BTCUSD,buy,0.01,117405.90,116705.90,118405.90,2025.07.26 8:16:46,117386.66,0.00,0.00,-3 112.12
2025.07.26 8:04:49,1209446720,BTCUSD,buy,0.01,117405.90,116705.90,118405.90,2025.07.26 8:16:46,117386.66,0.00,0.00,-3 112.12
2025.07.26 8:04:59,1209446776,BTCUSD,buy,0.01,117405.90,116705.90,118405.90,2025.07.26 8:16:46,117386.66,0.00,0.00,-3 112.12
2025.07.26 8:05:09,1209446832,BTCUSD,buy,0.01,117405.90,116705.90,118405.90,2025.07.26 8:16:46,117386.66,0.00,0.00,-3 112.12
2025.07.26 8:05:19,1209446888,BTCUSD,buy,0.01,117405.90,116705.90,118405.90,2025.07.26 8:16:46,117386.66,0.00,0.00,-3 112.12
2025.07.26 8:05:29,1209446944,BTCUSD,buy,0.01,117405.90,116705.90,118405.90,2025.07.26 8:16:46,117386.66,0.00,0.00,-3 112.12
2025.07.26 8:05:39,1209447000,BTCUSD,buy,0.01,117405.90,116705.90,118405.90,2025.07.26 8:16:46,117386.66,0.00,0.00,-3 112.12
2025.07.26 8:05:49,1209447056,BTCUSD,buy,0.01,117405.90,116705.90,118405.90,2025.07.26 8:16:46,117386.66,0.00,0.00,-3 112.12
2025.07.26 8:05:59,1209447112,BTCUSD,buy,0.01,117405.90,116705.90,118405.90,2025.07.26 8:16:46,117386.66,0.00,0.00,-3 112.12
2025.07.26 8:06:09,1209447168,BTCUSD,buy,0.01,117405.90,116705.90,118405.90,2025.07.26 8:16:46,117386.66,0.00,0.00,-3 112.12
2025.07.26 8:06:19,1209447224,BTCUSD,buy,0.01,117405.90,116705.90,118405.90,2025.07.26 8:16:46,117386.66,0.00,0.00,-3 112.12
2025.07.26 8:06:29,1209447280,BTCUSD,buy,0.01,117405.90,116705.90,118405.90,2025.07.26 8:16:46,117386.66,0.00,0.00,-3 112.12
2025.07.26 8:06:39,1209447336,BTCUSD,buy,0.01,117405.90,116705.90,118405.90,2025.07.26 8:16:46,117386.66,0.00,0.00,-3 112.12
2025.07.26 8:06:49,1209447392,BTCUSD,buy,0.01,117405.90,116705.90,118405.90,2025.07.26 8:16:46,117386.66,0.00,0.00,-3 112.12
2025.07.26 8:06:59,1209447448,BTCUSD,buy,0.01,117405.90,116705.90,118405.90,2025.07.26 8:16:46,117386.66,0.00,0.00,-3 112.12
2025.07.26 8:07:09,1209447504,BTCUSD,buy,0.01,117405.90,116705.90,118405.90,2025.07.26 8:16:46,117386.66,0.00,0.00,-3 112.12
2025.07.26 8:07:19,1209447560,BTCUSD,buy,0.01,117405.90,116705.90,118405.90,2025.07.26 8:16:46,117386.66,0.00,0.00,-3 112.12
2025.07.
